activity_id,viewer_id,movie_id,watch_date,watch_duration_min,completion_pct,platform,rating_given
WA00001,V0417,M003,2025-03-07,59,56,Web,8.5
WA00002,V0306,M010,2024-12-29,102,65,Web,4.9
WA00003,V0488,M012,2024-12-14,81,64,Mobile,3.5
WA00004,V0444,M013,2025-01-14,63,65,Web,7.8
WA00005,V0425,M003,2024-12-03,76,71,Web,8.2
WA00006,V0296,M011,2025-01-09,72,48,Smart TV,7.2
WA00007,V0207,M007,2025-01-24,40,41,Smart TV,7.7
WA00008,V0168,M015,2025-01-03,136,92,Mobile,9.0
WA00009,V0436,M014,2024-10-24,111,75,Mobile,8.5
WA00010,V0254,M007,2024-11-25,82,57,Smart TV,4.9
WA00011,V0290,M005,2024-12-26,73,46,Tablet,8.4
WA00012,V0051,M015,2025-03-24,33,35,Tablet,2.6
WA00013,V0001,M015,2024-11-10,128,88,Tablet,4.0
WA00014,V0448,M012,2024-11-03,64,50,Smart TV,3.2
WA00015,V0341,M006,2024-12-04,77,77,Web,2.9
WA00016,V0336,M011,2024-12-18,99,84,Mobile,7.8
WA00017,V0068,M001,2024-11-24,58,39,Web,6.4
WA00018,V0419,M008,2024-10-03,66,73,Mobile,9.9
WA00019,V0037,M007,2025-03-27,96,91,Web,5.4
WA00020,V0189,M012,2024-10-27,72,70,Smart TV,3.5
WA00021,V0272,M013,2024-11-04,41,38,Mobile,7.1
WA00022,V0322,M003,2025-01-21,76,57,Web,9.4
WA00023,V0045,M010,2025-03-25,83,57,Mobile,3.6
WA00024,V0494,M002,2025-02-28,102,74,Tablet,4.9
WA00025,V0128,M003,2024-12-03,50,40,Smart TV,8.3
WA00026,V0266,M012,2024-10-07,71,56,Web,8.1
WA00027,V0254,M005,2025-03-15,57,60,Tablet,3.3
WA00028,V0456,M008,2025-03-13,96,97,Mobile,9.9
WA00029,V0441,M015,2024-12-21,83,79,Tablet,5.2
WA00030,V0009,M011,2024-11-14,58,39,Mobile,2.6
WA00031,V0260,M004,2024-10-11,77,80,Smart TV,7.2
WA00032,V0043,M009,2025-01-15,116,81,Web,4.6
WA00033,V0499,M005,2024-10-21,86,56,Web,6.5
WA00034,V0358,M007,2025-02-28,67,69,Tablet,8.0
WA00035,V0045,M014,2024-12-01,59,61,Tablet,3.4
WA00036,V0342,M010,2025-03-05,66,69,Web,3.4
WA00037,V0255,M012,2024-11-05,45,50,Smart TV,6.4
WA00038,V0065,M013,2024-12-06,85,77,Smart TV,8.0
WA00039,V0140,M002,2024-10-08,110,84,Mobile,4.5
WA00040,V0234,M010,2025-03-10,92,93,Smart TV,2.9
WA00041,V0081,M014,2025-02-23,85,77,Smart TV,8.3
WA00042,V0380,M015,2025-02-24,61,59,Mobile,2.8
WA00043,V0242,M014,2024-10-04,42,35,Smart TV,5.4
WA00044,V0412,M003,2024-11-15,94,100,Tablet,4.2
WA00045,V0423,M004,2025-01-15,83,64,Mobile,6.8
WA00046,V0115,M002,2025-02-06,49,52,Mobile,9.7
WA00047,V0168,M002,2025-01-28,86,69,Mobile,6.6
WA00048,V0289,M001,2025-01-03,77,67,Smart TV,8.0
WA00049,V0396,M004,2025-01-27,127,93,Web,8.0
WA00050,V0478,M009,2024-12-02,32,30,Tablet,2.7
WA00051,V0001,M009,2024-12-28,65,72,Tablet,8.9
WA00052,V0272,M012,2024-12-18,57,56,Web,5.6
WA00053,V0023,M001,2024-11-06,51,41,Web,9.2
WA00054,V0499,M009,2025-01-14,120,88,Mobile,6.9
WA00055,V0304,M009,2024-11-04,54,39,Mobile,5.8
WA00056,V0436,M003,2024-11-30,80,63,Smart TV,9.4
WA00057,V0232,M007,2025-03-29,91,70,Smart TV,4.3
WA00058,V0055,M004,2024-11-04,50,49,Web,5.9
WA00059,V0184,M006,2025-01-13,102,98,Web,5.9
WA00060,V0081,M008,2024-12-07,43,41,Smart TV,8.7
WA00061,V0428,M012,2025-03-04,54,57,Smart TV,3.6
WA00062,V0263,M012,2024-12-03,108,80,Mobile,7.6
WA00063,V0438,M005,2024-11-14,75,81,Tablet,6.7
WA00064,V0053,M009,2024-12-03,90,89,Web,3.4
WA00065,V0422,M001,2024-11-26,58,55,Tablet,5.3
WA00066,V0470,M011,2025-03-15,63,63,Mobile,2.7
WA00067,V0048,M002,2024-11-20,67,46,Smart TV,3.4
WA00068,V0421,M008,2024-10-13,94,85,Tablet,6.2
WA00069,V0182,M007,2025-03-24,74,52,Web,9.3
WA00070,V0018,M005,2024-12-11,72,49,Web,7.4
WA00071,V0032,M008,2025-01-14,145,91,Mobile,4.6
WA00072,V0128,M003,2025-01-16,111,97,Mobile,9.9
WA00073,V0401,M013,2024-12-31,149,99,Tablet,5.1
WA00074,V0139,M010,2025-02-06,103,79,Web,2.7
WA00075,V0030,M010,2024-11-26,60,65,Tablet,6.5
WA00076,V0052,M013,2025-02-27,59,50,Web,7.4
WA00077,V0295,M005,2025-02-14,56,58,Tablet,5.2
WA00078,V0304,M014,2024-11-14,67,60,Smart TV,8.5
WA00079,V0486,M012,2024-12-31,69,75,Web,6.7
WA00080,V0090,M004,2025-02-04,109,69,Tablet,2.8
WA00081,V0270,M001,2024-11-29,37,32,Tablet,2.5
WA00082,V0175,M015,2025-03-07,52,46,Web,9.4
WA00083,V0076,M014,2024-12-22,31,32,Web,8.3
WA00084,V0192,M014,2025-02-12,53,39,Tablet,6.9
WA00085,V0500,M006,2024-12-17,61,47,Web,8.0
WA00086,V0090,M007,2025-03-13,106,70,Smart TV,4.2
WA00087,V0376,M010,2024-11-14,95,69,Smart TV,3.5
WA00088,V0094,M012,2024-10-01,47,34,Smart TV,9.4
WA00089,V0073,M010,2024-11-26,95,93,Smart TV,8.1
WA00090,V0326,M004,2024-12-28,66,51,Mobile,8.7
WA00091,V0006,M011,2025-03-13,114,87,Smart TV,4.1
WA00092,V0403,M012,2024-10-18,83,62,Mobile,7.9
WA00093,V0497,M001,2025-01-07,121,83,Web,9.1
WA00094,V0193,M008,2025-01-05,132,99,Mobile,8.7
WA00095,V0232,M013,2025-02-25,59,50,Mobile,8.5
WA00096,V0134,M001,2024-12-15,64,70,Mobile,3.1
WA00097,V0281,M003,2025-01-05,42,39,Mobile,5.0
WA00098,V0483,M010,2025-02-01,79,85,Web,7.1
WA00099,V0170,M007,2024-11-10,40,42,Web,9.8
WA00100,V0136,M007,2025-03-28,158,99,Smart TV,4.7
WA00101,V0431,M002,2024-10-13,140,100,Tablet,3.7
WA00102,V0151,M006,2024-10-01,59,41,Tablet,4.0
WA00103,V0042,M001,2024-11-22,74,67,Tablet,8.8
WA00104,V0459,M005,2025-01-10,138,92,Smart TV,3.2
WA00105,V0454,M009,2025-01-08,87,77,Tablet,5.3
WA00106,V0239,M008,2024-10-12,105,86,Smart TV,4.2
WA00107,V0386,M005,2025-02-22,47,49,Mobile,3.1
WA00108,V0284,M006,2025-02-16,83,59,Mobile,8.8
WA00109,V0352,M014,2025-02-11,140,98,Tablet,6.8
WA00110,V0203,M004,2025-01-30,51,40,Mobile,6.3
WA00111,V0487,M015,2025-02-10,48,45,Tablet,3.8
WA00112,V0022,M003,2024-11-24,52,46,Tablet,3.1
WA00113,V0428,M011,2025-01-20,55,48,Smart TV,4.9
WA00114,V0285,M012,2024-10-18,79,79,Tablet,6.6
WA00115,V0470,M014,2024-12-10,137,88,Mobile,8.4
WA00116,V0058,M010,2025-02-28,129,83,Tablet,3.6
WA00117,V0289,M010,2025-02-28,43,43,Mobile,8.4
WA00118,V0136,M014,2025-02-15,109,82,Tablet,7.4
WA00119,V0089,M010,2025-03-05,51,34,Smart TV,5.5
WA00120,V0203,M010,2025-03-05,47,34,Smart TV,7.7
WA00121,V0011,M001,2025-01-30,95,77,Smart TV,8.6
WA00122,V0440,M005,2024-12-19,115,92,Mobile,9.8
WA00123,V0397,M004,2024-11-04,110,86,Smart TV,4.5
WA00124,V0227,M007,2025-03-04,54,54,Web,9.4
WA00125,V0421,M007,2025-02-02,120,77,Mobile,6.4
WA00126,V0207,M003,2024-10-17,121,94,Web,8.4
WA00127,V0099,M009,2025-02-23,48,52,Web,8.8
WA00128,V0471,M004,2024-10-09,53,36,Smart TV,7.8
WA00129,V0204,M005,2025-01-03,140,94,Mobile,7.6
WA00130,V0091,M004,2025-01-04,132,87,Tablet,6.9
WA00131,V0384,M006,2024-12-28,69,63,Mobile,4.6
WA00132,V0439,M007,2024-10-13,62,57,Web,7.4
WA00133,V0263,M011,2024-11-22,101,82,Mobile,9.0
WA00134,V0467,M013,2025-03-24,81,90,Web,7.4
WA00135,V0312,M010,2024-10-03,73,62,Smart TV,7.8
WA00136,V0459,M012,2025-03-14,105,84,Tablet,8.9
WA00137,V0155,M008,2024-12-04,104,89,Tablet,6.9
WA00138,V0153,M001,2025-02-08,90,66,Mobile,6.1
WA00139,V0134,M006,2024-12-10,85,65,Smart TV,3.9
WA00140,V0339,M009,2024-12-01,78,81,Smart TV,7.6
WA00141,V0133,M012,2024-10-07,102,67,Tablet,5.5
WA00142,V0372,M012,2024-10-10,83,73,Web,7.6
WA00143,V0154,M011,2025-01-30,126,94,Web,8.8
WA00144,V0050,M015,2025-02-20,75,67,Tablet,3.5
WA00145,V0336,M005,2025-02-21,81,72,Mobile,4.2
WA00146,V0191,M004,2024-12-18,102,72,Smart TV,6.9
WA00147,V0444,M008,2024-10-31,54,36,Mobile,6.0
WA00148,V0272,M004,2025-02-06,81,78,Smart TV,5.6
WA00149,V0176,M014,2024-11-08,58,55,Tablet,9.9
WA00150,V0442,M015,2025-01-26,75,70,Web,8.3
WA00151,V0325,M008,2024-12-25,78,70,Mobile,2.5
WA00152,V0251,M005,2024-11-23,55,50,Mobile,3.5
WA00153,V0220,M007,2025-03-12,116,81,Tablet,5.4
WA00154,V0487,M001,2025-02-14,88,77,Mobile,9.2
WA00155,V0347,M013,2025-02-13,36,32,Mobile,7.2
WA00156,V0067,M004,2024-11-27,92,69,Mobile,5.4
WA00157,V0422,M010,2024-12-18,42,38,Mobile,4.7
WA00158,V0173,M005,2025-01-25,151,97,Tablet,9.2
WA00159,V0385,M003,2024-12-27,114,75,Web,3.7
WA00160,V0115,M015,2025-01-12,54,59,Web,4.1
WA00161,V0064,M001,2025-02-28,78,51,Smart TV,7.8
WA00162,V0395,M013,2024-10-10,85,62,Mobile,7.0
WA00163,V0025,M001,2025-03-19,32,32,Mobile,5.6
WA00164,V0243,M007,2024-11-01,99,62,Web,4.0
WA00165,V0216,M011,2025-03-11,61,68,Mobile,7.5
WA00166,V0426,M005,2025-03-09,88,83,Mobile,6.3
WA00167,V0402,M010,2024-10-31,55,44,Mobile,6.2
WA00168,V0499,M010,2024-11-21,118,96,Web,5.2
WA00169,V0281,M007,2024-12-15,38,35,Tablet,9.3
WA00170,V0002,M012,2025-02-01,79,60,Mobile,7.5
WA00171,V0487,M015,2024-10-29,74,49,Mobile,8.3
WA00172,V0234,M002,2024-10-26,71,59,Smart TV,4.5
WA00173,V0437,M001,2024-10-26,39,35,Smart TV,5.2
WA00174,V0049,M011,2024-12-20,63,44,Mobile,2.6
WA00175,V0184,M003,2025-03-19,79,72,Tablet,9.7
WA00176,V0094,M005,2024-10-24,100,73,Mobile,5.5
WA00177,V0410,M008,2024-12-09,126,91,Tablet,7.4
WA00178,V0357,M013,2024-11-12,47,46,Mobile,9.9
WA00179,V0467,M014,2024-11-10,85,83,Tablet,8.5
WA00180,V0399,M011,2025-01-21,88,78,Smart TV,7.1
WA00181,V0472,M014,2025-03-25,96,91,Tablet,3.3
WA00182,V0134,M007,2025-01-21,36,38,Smart TV,2.6
WA00183,V0490,M014,2025-03-23,91,58,Smart TV,6.4
WA00184,V0339,M012,2025-03-29,86,85,Web,6.1
WA00185,V0430,M011,2025-03-23,68,49,Mobile,2.6
WA00186,V0437,M015,2024-11-10,138,90,Tablet,9.0
WA00187,V0170,M002,2025-02-03,78,60,Smart TV,2.9
WA00188,V0419,M004,2025-02-18,111,81,Web,3.1
WA00189,V0439,M008,2025-02-24,60,41,Tablet,5.9
WA00190,V0207,M002,2025-02-05,39,43,Tablet,2.8
WA00191,V0456,M009,2024-10-01,68,68,Web,7.4
WA00192,V0419,M008,2024-12-27,48,36,Web,8.8
WA00193,V0367,M006,2025-02-21,114,76,Tablet,3.4
WA00194,V0175,M013,2025-03-18,35,30,Smart TV,8.7
WA00195,V0192,M013,2024-12-14,153,96,Mobile,2.8
WA00196,V0055,M003,2025-02-04,87,82,Smart TV,7.1
WA00197,V0235,M004,2024-10-31,79,57,Web,7.9
WA00198,V0396,M002,2025-01-15,42,45,Tablet,5.9
WA00199,V0003,M010,2025-02-07,99,93,Mobile,6.6
WA00200,V0400,M007,2025-02-27,143,95,Web,7.7
WA00201,V0337,M003,2024-11-02,81,79,Smart TV,6.3
WA00202,V0204,M007,2025-01-16,78,65,Smart TV,9.8
WA00203,V0309,M008,2024-11-04,87,82,Smart TV,8.8
WA00204,V0103,M009,2024-12-20,91,57,Web,7.2
WA00205,V0364,M005,2025-03-25,61,46,Web,6.3
WA00206,V0390,M012,2025-03-13,57,44,Smart TV,6.7
WA00207,V0147,M010,2025-02-24,140,98,Tablet,8.6
WA00208,V0075,M009,2024-10-28,72,78,Mobile,7.5
WA00209,V0350,M004,2024-12-08,72,66,Smart TV,3.6
WA00210,V0386,M001,2025-03-26,71,56,Mobile,5.2
WA00211,V0122,M008,2024-10-27,93,79,Smart TV,7.7
WA00212,V0490,M001,2025-01-06,115,83,Smart TV,9.7
WA00213,V0318,M001,2024-10-04,67,55,Tablet,8.7
WA00214,V0379,M015,2025-03-12,135,99,Web,8.3
WA00215,V0350,M004,2024-12-15,76,52,Mobile,3.9
WA00216,V0021,M003,2025-02-09,81,78,Tablet,4.6
WA00217,V0003,M005,2024-11-03,68,62,Smart TV,6.0
WA00218,V0476,M015,2024-11-09,46,49,Smart TV,7.0
WA00219,V0405,M013,2025-03-10,117,92,Smart TV,3.0
WA00220,V0490,M012,2024-12-21,91,58,Web,6.4
WA00221,V0279,M013,2025-02-07,91,83,Tablet,3.2
WA00222,V0185,M004,2024-11-24,95,72,Smart TV,4.1
WA00223,V0288,M013,2025-03-08,141,90,Mobile,3.4
WA00224,V0491,M006,2025-01-23,73,61,Mobile,7.6
WA00225,V0132,M006,2025-01-06,82,79,Smart TV,2.7
WA00226,V0229,M009,2025-01-04,147,95,Tablet,2.8
WA00227,V0264,M015,2025-03-16,80,71,Mobile,9.6
WA00228,V0321,M003,2025-02-15,47,30,Mobile,4.1
WA00229,V0106,M011,2024-11-24,61,43,Tablet,7.3
WA00230,V0236,M002,2025-03-25,35,33,Smart TV,2.8
WA00231,V0286,M002,2024-10-14,69,62,Mobile,6.8
WA00232,V0231,M004,2024-12-06,112,79,Tablet,5.7
WA00233,V0004,M001,2025-01-08,102,98,Mobile,8.2
WA00234,V0476,M010,2024-10-12,74,75,Mobile,4.7
WA00235,V0392,M011,2024-12-17,66,66,Tablet,5.4
WA00236,V0081,M014,2025-03-19,83,90,Web,3.5
WA00237,V0153,M007,2025-02-17,60,48,Smart TV,9.7
WA00238,V0022,M001,2025-02-19,48,45,Mobile,6.8
WA00239,V0157,M007,2025-02-15,64,40,Web,8.1
WA00240,V0464,M015,2024-12-28,95,82,Web,3.7
WA00241,V0059,M004,2025-03-07,65,54,Web,7.5
WA00242,V0331,M010,2024-10-14,142,89,Mobile,4.7
WA00243,V0372,M002,2024-12-04,56,55,Tablet,9.6
WA00244,V0146,M006,2024-11-02,50,42,Mobile,9.3
WA00245,V0316,M006,2025-02-02,105,72,Smart TV,7.7
WA00246,V0491,M003,2025-02-22,95,70,Tablet,3.8
WA00247,V0142,M006,2024-12-03,100,85,Smart TV,3.5
WA00248,V0229,M012,2024-12-24,134,89,Smart TV,8.3
WA00249,V0331,M008,2025-02-19,53,52,Mobile,8.8
WA00250,V0135,M014,2024-11-05,86,55,Mobile,8.0
WA00251,V0417,M015,2024-10-05,50,33,Tablet,8.3
WA00252,V0279,M004,2024-10-10,100,63,Tablet,7.4
WA00253,V0457,M003,2025-01-02,81,58,Smart TV,3.5
WA00254,V0187,M009,2025-02-08,80,80,Mobile,7.5
WA00255,V0072,M014,2025-03-07,105,95,Tablet,3.7
WA00256,V0481,M010,2025-02-22,98,91,Smart TV,2.8
WA00257,V0136,M013,2025-02-02,45,38,Smart TV,4.3
WA00258,V0199,M011,2024-11-22,118,76,Tablet,9.4
WA00259,V0053,M015,2024-10-12,67,71,Smart TV,8.8
WA00260,V0193,M005,2025-02-26,82,52,Tablet,5.2
WA00261,V0193,M011,2024-10-20,96,62,Web,6.4
WA00262,V0455,M006,2024-12-28,138,91,Mobile,6.3
WA00263,V0040,M003,2025-01-21,65,59,Smart TV,4.1
WA00264,V0339,M003,2024-11-10,61,45,Web,5.6
WA00265,V0246,M006,2024-10-30,137,91,Web,6.9
WA00266,V0023,M011,2025-01-14,56,61,Web,6.8
WA00267,V0457,M003,2024-11-04,54,35,Web,2.9
WA00268,V0307,M005,2024-11-16,126,81,Mobile,9.1
WA00269,V0111,M012,2025-03-19,50,40,Tablet,7.0
WA00270,V0426,M008,2025-02-01,64,58,Tablet,7.0
WA00271,V0136,M013,2025-02-27,107,95,Web,7.9
WA00272,V0194,M006,2025-01-25,57,59,Tablet,3.5
WA00273,V0351,M001,2024-11-21,146,94,Tablet,8.7
WA00274,V0462,M010,2024-10-25,100,90,Mobile,9.1
WA00275,V0247,M009,2025-02-06,43,41,Web,9.3
WA00276,V0216,M009,2024-10-01,139,96,Smart TV,9.1
WA00277,V0481,M012,2025-02-13,84,59,Tablet,8.4
WA00278,V0069,M007,2024-12-29,85,84,Smart TV,6.1
WA00279,V0210,M004,2024-10-22,124,99,Smart TV,3.9
WA00280,V0267,M012,2024-10-02,70,45,Mobile,5.3
WA00281,V0186,M004,2025-03-26,106,82,Mobile,3.7
WA00282,V0438,M011,2025-02-27,76,63,Tablet,6.7
WA00283,V0212,M010,2024-12-10,78,56,Tablet,3.8
WA00284,V0158,M009,2025-02-20,93,62,Smart TV,8.3
WA00285,V0229,M007,2024-11-05,61,59,Web,3.3
WA00286,V0315,M009,2025-01-11,133,100,Mobile,3.7
WA00287,V0242,M011,2024-10-02,48,48,Tablet,3.2
WA00288,V0312,M005,2024-11-26,54,40,Mobile,7.9
WA00289,V0365,M015,2025-01-11,102,66,Mobile,9.6
WA00290,V0006,M014,2024-11-14,131,86,Web,8.9
WA00291,V0018,M015,2025-02-10,68,54,Web,7.1
WA00292,V0336,M011,2024-10-10,81,60,Mobile,9.8
WA00293,V0343,M002,2024-12-10,105,75,Tablet,5.5
WA00294,V0471,M004,2025-02-10,34,38,Mobile,6.6
WA00295,V0494,M012,2025-02-21,99,74,Smart TV,4.2
WA00296,V0134,M004,2025-01-25,42,30,Web,5.6
WA00297,V0151,M002,2025-02-21,93,94,Smart TV,9.6
WA00298,V0417,M013,2025-02-09,119,98,Smart TV,7.7
WA00299,V0388,M007,2025-02-22,92,61,Smart TV,9.7
WA00300,V0247,M008,2025-03-24,48,33,Mobile,4.4
WA00301,V0410,M007,2025-03-12,69,59,Smart TV,5.6
WA00302,V0359,M006,2025-02-10,48,31,Smart TV,4.4
WA00303,V0284,M002,2025-01-11,51,39,Web,6.1
WA00304,V0485,M006,2024-11-25,65,53,Web,6.2
WA00305,V0106,M004,2024-11-30,75,63,Web,4.0
WA00306,V0399,M004,2025-03-08,66,49,Mobile,3.4
WA00307,V0392,M002,2025-03-23,45,30,Mobile,8.9
WA00308,V0460,M006,2025-03-08,120,93,Smart TV,6.2
WA00309,V0114,M013,2025-02-08,100,80,Web,2.9
WA00310,V0017,M013,2025-01-17,149,99,Smart TV,5.5
WA00311,V0358,M011,2024-11-14,66,45,Tablet,4.9
WA00312,V0298,M001,2024-10-04,90,78,Mobile,4.9
WA00313,V0135,M010,2024-12-06,113,100,Web,4.5
WA00314,V0256,M010,2024-12-27,72,53,Tablet,4.1
WA00315,V0144,M012,2025-01-04,110,81,Tablet,3.8
WA00316,V0370,M003,2025-02-25,49,42,Smart TV,8.5
WA00317,V0075,M009,2025-01-19,75,55,Web,6.0
WA00318,V0069,M001,2024-11-15,132,93,Smart TV,8.4
WA00319,V0051,M005,2024-12-04,76,80,Web,3.0
WA00320,V0231,M014,2024-12-05,63,42,Smart TV,4.4
WA00321,V0011,M006,2025-02-21,90,74,Tablet,3.4
WA00322,V0090,M014,2025-03-23,112,98,Smart TV,5.2
WA00323,V0456,M011,2025-02-08,132,87,Mobile,5.4
WA00324,V0328,M005,2025-01-27,55,51,Smart TV,5.7
WA00325,V0041,M010,2025-02-24,54,39,Web,5.1
WA00326,V0310,M006,2024-12-21,81,64,Tablet,4.5
WA00327,V0212,M008,2025-01-01,135,87,Web,3.9
WA00328,V0482,M001,2024-11-02,74,62,Mobile,4.1
WA00329,V0480,M007,2024-10-27,38,38,Tablet,6.6
WA00330,V0054,M001,2025-01-10,62,40,Smart TV,7.1
WA00331,V0118,M002,2025-03-17,95,69,Web,8.0
WA00332,V0270,M008,2025-03-10,48,46,Web,2.7
WA00333,V0240,M011,2024-12-31,117,90,Smart TV,6.6
WA00334,V0303,M003,2025-03-28,82,52,Tablet,7.2
WA00335,V0328,M011,2025-02-22,140,97,Smart TV,9.3
WA00336,V0227,M008,2025-02-16,48,41,Smart TV,5.2
WA00337,V0001,M005,2024-11-09,39,31,Web,5.1
WA00338,V0485,M008,2025-02-14,83,92,Tablet,4.7
WA00339,V0408,M013,2025-01-19,74,59,Mobile,6.6
WA00340,V0128,M004,2025-01-14,116,80,Web,7.9
WA00341,V0135,M011,2025-01-08,80,58,Mobile,5.7
WA00342,V0333,M004,2025-02-10,81,66,Smart TV,5.6
WA00343,V0149,M014,2024-10-18,53,47,Mobile,7.3
WA00344,V0097,M010,2025-01-24,114,92,Smart TV,2.6
WA00345,V0498,M001,2025-02-14,48,53,Mobile,4.6
WA00346,V0047,M003,2025-01-21,53,59,Web,2.6
WA00347,V0403,M004,2024-12-27,98,69,Tablet,10.0
WA00348,V0042,M008,2025-03-28,67,72,Web,2.9
WA00349,V0241,M013,2025-01-09,98,99,Web,3.9
WA00350,V0063,M014,2024-12-04,42,31,Web,5.4
WA00351,V0236,M008,2024-12-03,51,55,Mobile,6.4
WA00352,V0480,M004,2025-01-30,95,69,Smart TV,3.7
WA00353,V0063,M012,2024-10-11,153,96,Smart TV,6.1
WA00354,V0443,M005,2024-11-20,48,36,Web,9.8
WA00355,V0008,M004,2025-03-12,102,71,Web,8.5
WA00356,V0005,M010,2024-10-31,85,61,Mobile,6.9
WA00357,V0395,M012,2025-01-30,83,77,Mobile,4.4
WA00358,V0031,M008,2024-10-24,49,37,Smart TV,7.3
WA00359,V0250,M012,2025-02-15,47,46,Web,4.9
WA00360,V0376,M009,2025-03-15,115,86,Web,2.7
WA00361,V0461,M007,2024-12-31,66,62,Mobile,6.1
WA00362,V0357,M008,2025-02-21,125,99,Tablet,3.9
WA00363,V0375,M003,2025-02-17,95,71,Tablet,4.6
WA00364,V0036,M014,2025-03-03,80,50,Web,5.9
WA00365,V0233,M014,2024-12-07,120,76,Mobile,8.3
WA00366,V0318,M009,2025-01-06,36,32,Smart TV,8.3
WA00367,V0420,M004,2024-12-22,96,98,Tablet,3.9
WA00368,V0314,M011,2025-02-05,78,49,Smart TV,4.9
WA00369,V0268,M011,2024-12-22,43,42,Mobile,2.8
WA00370,V0055,M003,2024-11-15,51,55,Tablet,3.9
WA00371,V0270,M001,2025-02-24,127,92,Smart TV,2.9
WA00372,V0477,M004,2025-03-05,30,31,Web,7.4
WA00373,V0185,M015,2024-10-21,55,37,Tablet,8.7
WA00374,V0021,M013,2024-10-15,120,97,Mobile,8.8
WA00375,V0052,M002,2024-11-25,65,42,Web,6.5
WA00376,V0292,M004,2024-11-19,95,61,Web,6.7
WA00377,V0346,M009,2025-01-15,77,75,Tablet,7.8
WA00378,V0282,M007,2024-10-27,58,53,Tablet,6.3
WA00379,V0478,M011,2024-11-10,135,86,Smart TV,9.3
WA00380,V0392,M009,2024-12-23,112,82,Tablet,8.7
WA00381,V0110,M006,2025-03-05,118,99,Tablet,8.2
WA00382,V0230,M015,2024-12-05,118,87,Tablet,2.5
WA00383,V0070,M001,2024-12-12,88,96,Smart TV,2.5
WA00384,V0396,M004,2024-11-24,41,32,Smart TV,9.4
WA00385,V0020,M009,2025-02-20,45,42,Tablet,5.2
WA00386,V0120,M003,2024-12-07,82,61,Smart TV,8.6
WA00387,V0376,M002,2025-02-24,80,57,Mobile,7.9
WA00388,V0423,M013,2025-02-01,103,92,Mobile,7.0
WA00389,V0400,M005,2024-10-10,55,40,Mobile,9.4
WA00390,V0477,M006,2024-12-29,120,83,Mobile,9.0
WA00391,V0028,M004,2025-03-17,70,78,Smart TV,6.4
WA00392,V0258,M006,2025-02-16,77,71,Web,3.6
WA00393,V0047,M011,2025-01-09,138,94,Web,5.7
WA00394,V0173,M013,2025-01-09,49,46,Mobile,6.1
WA00395,V0135,M012,2024-10-13,129,81,Mobile,5.5
WA00396,V0247,M007,2025-03-28,49,47,Web,6.2
WA00397,V0127,M011,2025-02-24,111,97,Web,3.0
WA00398,V0058,M013,2025-01-19,53,41,Tablet,5.7
WA00399,V0305,M006,2024-11-18,96,74,Mobile,8.3
WA00400,V0226,M003,2024-12-29,70,48,Mobile,9.4
WA00401,V0388,M004,2024-11-21,67,49,Mobile,3.3
WA00402,V0008,M001,2024-12-02,71,66,Smart TV,7.7
WA00403,V0012,M002,2024-12-18,132,90,Smart TV,4.1
WA00404,V0268,M009,2024-11-24,114,99,Smart TV,6.6
WA00405,V0299,M010,2024-11-06,71,78,Mobile,4.4
WA00406,V0028,M001,2024-12-12,73,64,Tablet,7.4
WA00407,V0340,M001,2024-10-18,88,64,Smart TV,9.0
WA00408,V0195,M001,2024-12-14,82,59,Mobile,9.3
WA00409,V0096,M008,2025-03-02,64,41,Web,6.3
WA00410,V0127,M008,2025-02-21,32,35,Smart TV,5.0
WA00411,V0351,M007,2024-11-10,68,74,Smart TV,5.2
WA00412,V0416,M005,2024-11-30,100,65,Mobile,7.2
WA00413,V0116,M015,2025-01-08,60,65,Web,5.1
WA00414,V0374,M007,2025-03-18,43,41,Tablet,6.4
WA00415,V0124,M011,2025-03-06,98,83,Web,5.7
WA00416,V0278,M005,2025-03-04,114,87,Web,4.1
WA00417,V0442,M003,2025-02-26,87,55,Web,4.8
WA00418,V0466,M012,2025-02-12,90,85,Web,7.4
WA00419,V0286,M010,2024-11-10,49,38,Mobile,3.9
WA00420,V0451,M014,2024-11-07,65,70,Tablet,9.7
WA00421,V0399,M005,2025-01-22,61,49,Web,3.3
WA00422,V0306,M003,2024-10-07,73,59,Web,4.2
WA00423,V0069,M001,2024-12-31,91,91,Tablet,7.8
WA00424,V0243,M006,2024-11-17,127,92,Web,3.7
WA00425,V0474,M004,2024-10-09,44,31,Smart TV,9.6
WA00426,V0034,M004,2025-03-21,64,56,Web,9.5
WA00427,V0444,M008,2025-03-07,107,71,Tablet,9.2
WA00428,V0369,M007,2025-01-12,74,78,Smart TV,5.5
WA00429,V0329,M012,2025-02-24,153,97,Mobile,6.4
WA00430,V0266,M008,2025-01-25,57,61,Tablet,9.9
WA00431,V0392,M001,2025-02-20,133,96,Mobile,3.9
WA00432,V0237,M008,2025-01-10,84,66,Web,5.7
WA00433,V0238,M010,2024-10-14,74,48,Tablet,3.2
WA00434,V0070,M009,2024-10-29,111,99,Tablet,5.6
WA00435,V0303,M008,2024-10-07,98,88,Web,9.1
WA00436,V0368,M002,2024-12-04,65,50,Mobile,3.2
WA00437,V0269,M012,2025-01-24,54,40,Tablet,8.0
WA00438,V0282,M009,2025-03-06,85,78,Tablet,2.8
WA00439,V0445,M003,2024-12-25,54,50,Web,3.8
WA00440,V0159,M012,2024-10-14,98,69,Tablet,4.7
WA00441,V0002,M003,2024-10-31,58,55,Smart TV,2.6
WA00442,V0312,M008,2025-02-05,47,30,Tablet,4.3
WA00443,V0210,M010,2025-03-18,132,88,Tablet,3.1
WA00444,V0143,M010,2024-10-02,121,100,Web,2.9
WA00445,V0075,M003,2024-10-15,45,34,Mobile,7.5
WA00446,V0472,M014,2025-03-04,92,72,Mobile,2.9
WA00447,V0313,M007,2024-11-15,72,66,Web,9.7
WA00448,V0048,M012,2025-02-26,46,34,Smart TV,4.9
WA00449,V0432,M015,2025-01-06,82,84,Mobile,4.7
WA00450,V0270,M003,2024-11-01,90,72,Tablet,6.4
WA00451,V0293,M012,2024-11-23,41,43,Mobile,6.1
WA00452,V0312,M012,2025-03-04,105,84,Smart TV,4.4
WA00453,V0315,M010,2025-03-09,62,46,Tablet,6.4
WA00454,V0453,M011,2025-02-05,81,53,Web,7.8
WA00455,V0239,M004,2024-10-01,34,33,Mobile,8.0
WA00456,V0024,M004,2025-03-07,117,82,Smart TV,5.1
WA00457,V0328,M013,2025-03-13,36,31,Web,7.7
WA00458,V0260,M005,2024-10-18,87,68,Smart TV,8.3
WA00459,V0203,M002,2025-03-25,96,73,Mobile,8.7
WA00460,V0470,M004,2024-12-24,121,91,Tablet,8.5
WA00461,V0322,M011,2024-11-04,73,49,Tablet,9.2
WA00462,V0476,M009,2024-12-25,122,82,Mobile,8.8
WA00463,V0010,M005,2025-02-22,127,98,Web,6.8
WA00464,V0144,M006,2024-12-30,48,49,Mobile,5.0
WA00465,V0293,M007,2025-03-10,80,51,Tablet,3.9
WA00466,V0140,M002,2024-12-18,44,34,Tablet,3.2
WA00467,V0425,M015,2024-11-30,119,87,Smart TV,4.1
WA00468,V0402,M005,2024-11-14,80,77,Mobile,8.3
WA00469,V0013,M015,2024-10-24,137,94,Tablet,9.3
WA00470,V0376,M003,2024-11-18,121,91,Smart TV,8.3
WA00471,V0106,M003,2024-10-26,71,46,Mobile,5.9
WA00472,V0160,M012,2025-02-11,31,30,Mobile,7.7
WA00473,V0456,M010,2024-10-23,117,89,Mobile,3.3
WA00474,V0296,M013,2025-03-18,41,32,Smart TV,7.3
WA00475,V0147,M004,2024-12-22,62,54,Smart TV,6.5
WA00476,V0077,M013,2025-01-21,67,64,Web,4.6
WA00477,V0106,M001,2025-03-09,66,43,Smart TV,6.6
WA00478,V0088,M005,2024-11-06,76,61,Mobile,4.8
WA00479,V0026,M015,2024-12-26,136,86,Web,2.7
WA00480,V0197,M015,2025-03-22,41,43,Mobile,3.1
WA00481,V0160,M007,2024-11-15,110,75,Smart TV,8.6
WA00482,V0499,M012,2025-03-21,63,40,Tablet,6.8
WA00483,V0234,M002,2025-03-28,62,42,Smart TV,7.6
WA00484,V0486,M012,2025-01-28,88,59,Web,3.6
WA00485,V0201,M015,2025-03-07,93,76,Web,7.7
WA00486,V0250,M011,2024-12-24,115,88,Mobile,3.0
WA00487,V0434,M002,2024-12-29,134,89,Web,4.6
WA00488,V0053,M006,2025-03-04,100,95,Tablet,8.6
WA00489,V0406,M013,2024-10-28,51,39,Smart TV,6.5
WA00490,V0318,M007,2025-03-01,85,60,Web,6.6
WA00491,V0107,M008,2025-01-07,71,73,Tablet,8.4
WA00492,V0356,M007,2025-02-23,131,99,Web,3.8
WA00493,V0304,M011,2024-10-20,66,44,Tablet,4.9
WA00494,V0490,M002,2025-01-22,77,69,Tablet,3.0
WA00495,V0254,M002,2025-03-25,97,71,Mobile,3.2
WA00496,V0339,M014,2024-11-05,43,48,Web,5.9
WA00497,V0106,M005,2025-01-08,80,55,Smart TV,4.7
WA00498,V0368,M013,2025-03-23,108,85,Smart TV,9.9
WA00499,V0434,M010,2024-10-03,125,81,Web,8.9
WA00500,V0001,M001,2025-01-03,57,36,Smart TV,3.3
WA00501,V0360,M005,2024-10-08,102,85,Tablet,7.2
WA00502,V0223,M012,2025-01-06,109,78,Web,7.5
WA00503,V0432,M008,2024-11-05,90,79,Smart TV,8.8
WA00504,V0006,M003,2024-12-13,49,47,Mobile,7.4
WA00505,V0044,M003,2025-02-02,68,47,Web,7.3
WA00506,V0233,M007,2025-01-25,76,53,Tablet,6.6
WA00507,V0096,M008,2025-01-07,78,58,Tablet,7.0
WA00508,V0138,M010,2025-02-05,112,94,Tablet,9.4
WA00509,V0291,M010,2025-01-02,31,34,Tablet,7.8
WA00510,V0073,M002,2025-02-26,60,40,Smart TV,6.0
WA00511,V0242,M002,2025-02-11,61,61,Mobile,7.6
WA00512,V0463,M009,2025-02-26,46,36,Smart TV,6.5
WA00513,V0464,M001,2025-01-29,140,95,Tablet,6.8
WA00514,V0149,M006,2025-01-16,90,67,Web,2.8
WA00515,V0032,M015,2025-03-02,80,63,Tablet,6.8
WA00516,V0147,M010,2024-10-14,41,33,Tablet,3.1
WA00517,V0068,M009,2024-10-20,77,62,Smart TV,4.6
WA00518,V0466,M005,2024-10-04,54,52,Web,7.4
WA00519,V0249,M006,2024-11-14,73,60,Web,8.5
WA00520,V0496,M014,2024-10-09,53,40,Web,7.0
WA00521,V0395,M014,2024-11-09,125,82,Tablet,4.3
WA00522,V0296,M008,2025-03-13,62,56,Smart TV,2.9
WA00523,V0238,M005,2024-10-30,48,51,Tablet,6.1
WA00524,V0350,M008,2025-02-14,92,78,Tablet,6.1
WA00525,V0148,M003,2025-02-13,44,31,Tablet,5.4
WA00526,V0470,M006,2025-02-13,39,42,Smart TV,9.7
WA00527,V0139,M007,2025-03-06,89,72,Smart TV,8.5
WA00528,V0396,M005,2025-03-17,124,89,Web,8.0
WA00529,V0347,M010,2024-11-19,113,73,Web,4.8
WA00530,V0007,M001,2025-03-22,34,38,Tablet,3.2
WA00531,V0113,M002,2025-03-25,108,74,Smart TV,4.4
WA00532,V0481,M001,2024-10-07,37,37,Web,9.6
WA00533,V0439,M011,2024-11-01,43,41,Web,5.3
WA00534,V0357,M013,2025-03-15,49,44,Web,4.4
WA00535,V0473,M008,2025-03-19,87,88,Smart TV,8.3
WA00536,V0083,M012,2025-03-20,81,62,Mobile,4.6
WA00537,V0031,M001,2025-01-06,100,72,Smart TV,9.7
WA00538,V0252,M005,2024-11-15,55,38,Web,7.1
WA00539,V0074,M003,2025-03-15,65,43,Tablet,4.1
WA00540,V0053,M011,2024-10-28,91,63,Mobile,3.0
WA00541,V0460,M010,2024-12-04,47,32,Tablet,3.6
WA00542,V0137,M011,2024-10-01,74,79,Web,7.8
WA00543,V0363,M015,2025-01-09,85,95,Tablet,6.1
WA00544,V0002,M007,2024-10-18,92,58,Tablet,9.7
WA00545,V0479,M014,2025-02-01,102,98,Smart TV,5.0
WA00546,V0188,M005,2025-01-11,39,41,Smart TV,3.1
WA00547,V0284,M008,2024-12-14,59,52,Mobile,9.8
WA00548,V0459,M011,2024-11-18,101,79,Mobile,7.2
WA00549,V0377,M006,2025-02-02,86,86,Web,3.5
WA00550,V0200,M004,2024-10-07,110,92,Mobile,8.4
WA00551,V0495,M011,2024-12-18,149,98,Tablet,9.7
WA00552,V0173,M001,2024-10-10,49,37,Mobile,5.5
WA00553,V0482,M004,2025-03-17,137,88,Web,8.1
WA00554,V0251,M004,2024-10-19,45,48,Mobile,6.0
WA00555,V0360,M015,2025-03-08,57,61,Web,2.6
WA00556,V0234,M011,2024-10-13,54,42,Web,8.8
WA00557,V0305,M002,2024-10-28,96,93,Web,3.0
WA00558,V0167,M004,2025-01-18,107,81,Mobile,9.8
WA00559,V0429,M010,2025-02-17,75,71,Web,8.2
WA00560,V0062,M010,2024-11-14,50,38,Smart TV,3.6
WA00561,V0085,M007,2024-11-13,137,100,Tablet,4.3
WA00562,V0406,M010,2024-10-11,44,42,Tablet,8.3
WA00563,V0004,M001,2025-02-02,30,30,Web,9.4
WA00564,V0356,M012,2025-03-16,104,83,Tablet,7.7
WA00565,V0231,M004,2024-11-06,119,96,Tablet,4.3
WA00566,V0368,M003,2025-03-06,49,53,Tablet,7.1
WA00567,V0215,M002,2025-03-10,94,74,Mobile,6.7
WA00568,V0317,M004,2024-10-31,65,42,Smart TV,9.0
WA00569,V0395,M009,2025-02-07,105,89,Web,4.6
WA00570,V0255,M004,2024-10-29,98,90,Web,3.7
WA00571,V0146,M015,2024-10-12,72,76,Web,5.8
WA00572,V0054,M006,2025-03-07,51,35,Mobile,9.4
WA00573,V0264,M003,2024-11-10,85,92,Mobile,3.0
WA00574,V0102,M004,2025-01-22,108,83,Smart TV,4.2
WA00575,V0122,M002,2024-12-23,49,42,Tablet,9.0
WA00576,V0300,M007,2024-11-26,89,90,Tablet,2.9
WA00577,V0092,M007,2024-11-07,102,88,Tablet,5.3
WA00578,V0104,M008,2024-11-19,86,64,Smart TV,3.5
WA00579,V0070,M012,2025-02-23,63,65,Mobile,8.9
WA00580,V0113,M008,2025-01-16,81,73,Smart TV,7.0
WA00581,V0438,M013,2025-03-13,111,100,Web,3.1
WA00582,V0303,M014,2025-02-11,86,57,Tablet,8.8
WA00583,V0127,M005,2024-10-04,87,61,Smart TV,5.8
WA00584,V0214,M004,2025-03-01,32,30,Mobile,2.8
WA00585,V0272,M008,2025-02-07,78,84,Tablet,6.1
WA00586,V0254,M013,2025-03-28,88,87,Web,3.1
WA00587,V0068,M013,2024-10-04,80,57,Smart TV,4.7
WA00588,V0343,M011,2024-10-24,83,91,Smart TV,3.7
WA00589,V0238,M008,2025-02-24,81,88,Web,9.1
WA00590,V0361,M007,2024-11-17,121,89,Mobile,9.0
WA00591,V0017,M002,2025-01-07,128,97,Smart TV,5.7
WA00592,V0404,M005,2025-03-28,89,56,Mobile,7.2
WA00593,V0455,M006,2024-10-15,117,76,Mobile,3.3
WA00594,V0188,M006,2025-01-28,72,76,Web,7.4
WA00595,V0172,M012,2024-10-18,54,47,Web,6.5
WA00596,V0165,M011,2025-01-31,67,58,Smart TV,9.2
WA00597,V0028,M009,2025-03-24,93,65,Mobile,5.3
WA00598,V0425,M008,2025-02-02,149,97,Mobile,6.0
WA00599,V0232,M009,2025-03-23,105,67,Smart TV,8.5
WA00600,V0045,M012,2024-10-17,100,88,Mobile,5.4
WA00601,V0085,M003,2024-12-13,42,43,Smart TV,3.3
WA00602,V0267,M003,2025-02-05,61,56,Mobile,4.7
WA00603,V0178,M011,2025-02-16,95,90,Tablet,5.8
WA00604,V0033,M011,2024-10-06,68,54,Mobile,9.0
WA00605,V0297,M004,2025-02-11,108,82,Smart TV,7.4
WA00606,V0432,M013,2024-12-23,147,97,Tablet,5.9
WA00607,V0405,M010,2024-11-03,65,51,Smart TV,4.2
WA00608,V0181,M006,2024-12-13,46,48,Smart TV,5.9
WA00609,V0147,M003,2025-03-08,107,98,Web,9.8
WA00610,V0122,M014,2025-03-27,54,50,Mobile,2.8
WA00611,V0134,M006,2025-02-25,91,86,Smart TV,3.9
WA00612,V0076,M009,2024-10-09,96,74,Smart TV,5.9
WA00613,V0472,M003,2025-02-14,57,45,Mobile,5.5
WA00614,V0080,M008,2024-11-07,103,70,Mobile,9.8
WA00615,V0243,M009,2025-02-07,88,67,Smart TV,9.8
WA00616,V0174,M013,2025-02-24,92,86,Mobile,8.0
WA00617,V0060,M015,2024-10-11,107,100,Smart TV,2.7
WA00618,V0048,M010,2024-11-26,110,75,Smart TV,2.9
WA00619,V0401,M011,2024-11-19,91,58,Smart TV,4.0
WA00620,V0500,M002,2025-02-15,60,41,Tablet,4.0
WA00621,V0466,M006,2025-03-04,57,37,Smart TV,5.5
WA00622,V0191,M012,2025-01-18,108,79,Mobile,4.6
WA00623,V0111,M006,2024-12-18,60,41,Tablet,8.1
WA00624,V0413,M007,2025-01-22,63,50,Tablet,8.0
WA00625,V0107,M007,2024-11-05,48,48,Smart TV,6.1
WA00626,V0478,M014,2025-02-12,50,38,Tablet,3.2
WA00627,V0090,M007,2025-03-13,102,83,Tablet,7.8
WA00628,V0427,M013,2024-11-05,60,53,Tablet,4.7
WA00629,V0253,M008,2024-10-11,87,68,Tablet,4.2
WA00630,V0154,M013,2024-10-01,68,63,Tablet,3.4
WA00631,V0252,M011,2024-12-13,74,52,Web,2.7
WA00632,V0307,M013,2024-12-10,58,38,Smart TV,6.9
WA00633,V0499,M010,2025-01-20,110,90,Mobile,5.3
WA00634,V0084,M012,2025-02-25,57,63,Mobile,3.6
WA00635,V0084,M008,2025-03-27,80,75,Mobile,4.5
WA00636,V0149,M007,2025-03-12,48,36,Smart TV,6.5
WA00637,V0393,M015,2024-10-20,83,54,Web,8.2
WA00638,V0447,M010,2024-11-12,112,71,Smart TV,8.7
WA00639,V0050,M011,2024-12-17,94,76,Smart TV,8.7
WA00640,V0191,M001,2024-11-05,102,66,Tablet,5.6
WA00641,V0080,M015,2024-11-11,58,57,Web,8.7
WA00642,V0365,M013,2025-02-21,153,98,Mobile,5.6
WA00643,V0473,M015,2024-10-20,47,46,Mobile,6.1
WA00644,V0419,M005,2025-03-26,63,47,Tablet,9.2
WA00645,V0364,M010,2025-02-11,69,52,Smart TV,2.7
WA00646,V0439,M014,2024-10-31,54,46,Web,7.7
WA00647,V0041,M005,2024-11-02,53,46,Tablet,7.7
WA00648,V0397,M013,2024-10-29,31,32,Tablet,8.2
WA00649,V0407,M001,2024-11-20,35,34,Mobile,6.0
WA00650,V0155,M015,2024-12-04,36,38,Mobile,8.2
WA00651,V0095,M013,2024-11-01,63,55,Smart TV,2.7
WA00652,V0083,M003,2024-12-11,100,75,Web,6.3
WA00653,V0112,M002,2024-10-26,88,97,Web,9.7
WA00654,V0474,M003,2025-02-15,37,42,Web,9.4
WA00655,V0226,M014,2025-01-30,72,53,Mobile,3.9
WA00656,V0264,M006,2025-01-06,82,57,Web,5.6
WA00657,V0057,M013,2024-12-20,93,89,Web,6.2
WA00658,V0043,M006,2025-03-30,44,35,Smart TV,6.2
WA00659,V0352,M007,2024-12-12,102,69,Tablet,4.2
WA00660,V0439,M007,2024-12-14,77,54,Mobile,9.2
WA00661,V0007,M013,2025-01-30,71,52,Tablet,7.5
WA00662,V0062,M007,2025-01-21,62,40,Web,5.5
WA00663,V0034,M012,2025-03-01,52,51,Smart TV,9.8
WA00664,V0120,M006,2024-11-21,63,45,Tablet,7.9
WA00665,V0183,M005,2025-02-26,100,81,Tablet,7.5
WA00666,V0076,M007,2025-02-02,100,65,Tablet,3.3
WA00667,V0322,M005,2025-02-03,90,59,Web,2.7
WA00668,V0348,M012,2024-10-14,91,93,Mobile,9.8
WA00669,V0156,M007,2025-03-04,64,49,Mobile,8.2
WA00670,V0104,M011,2025-02-11,136,89,Smart TV,7.5
WA00671,V0176,M008,2025-02-07,121,99,Mobile,9.6
WA00672,V0231,M001,2025-01-19,82,79,Smart TV,8.9
WA00673,V0091,M008,2025-01-26,31,34,Smart TV,9.1
WA00674,V0160,M003,2025-02-03,68,47,Tablet,6.2
WA00675,V0351,M002,2025-02-23,152,100,Tablet,6.1
WA00676,V0201,M014,2024-11-10,56,37,Smart TV,6.2
WA00677,V0165,M007,2025-03-07,89,66,Mobile,2.7
WA00678,V0415,M001,2024-11-02,100,74,Mobile,8.2
WA00679,V0220,M011,2024-12-27,57,42,Smart TV,9.9
WA00680,V0127,M007,2024-12-29,59,61,Web,7.4
WA00681,V0059,M010,2024-10-22,67,69,Smart TV,3.8
WA00682,V0337,M009,2024-12-23,82,88,Tablet,6.8
WA00683,V0357,M015,2025-01-16,39,32,Tablet,6.9
WA00684,V0294,M006,2025-01-05,98,71,Mobile,8.6
WA00685,V0255,M002,2025-03-26,84,73,Smart TV,3.7
WA00686,V0255,M005,2025-01-02,79,55,Mobile,8.8
WA00687,V0025,M009,2024-11-24,79,63,Smart TV,10.0
WA00688,V0304,M007,2024-11-27,42,42,Smart TV,4.6
WA00689,V0108,M010,2025-02-13,126,84,Smart TV,8.5
WA00690,V0222,M011,2024-12-17,104,68,Smart TV,4.0
WA00691,V0344,M007,2024-12-04,136,88,Web,9.1
WA00692,V0296,M011,2025-03-30,82,53,Tablet,4.1
WA00693,V0415,M014,2025-01-28,121,98,Tablet,9.5
WA00694,V0103,M012,2025-03-10,93,96,Smart TV,6.0
WA00695,V0211,M004,2024-11-08,108,85,Smart TV,9.0
WA00696,V0137,M015,2024-10-17,95,82,Smart TV,7.3
WA00697,V0123,M005,2025-03-25,97,81,Mobile,3.6
WA00698,V0249,M001,2024-12-02,114,89,Tablet,5.7
WA00699,V0140,M015,2024-10-10,57,50,Web,2.7
WA00700,V0330,M013,2024-12-11,83,52,Mobile,9.7
WA00701,V0161,M008,2024-10-06,38,40,Smart TV,9.0
WA00702,V0204,M015,2025-01-13,55,41,Web,4.3
WA00703,V0341,M010,2025-02-06,100,96,Smart TV,6.2
WA00704,V0169,M002,2024-11-30,73,70,Tablet,8.5
WA00705,V0074,M012,2024-11-30,82,57,Mobile,3.8
WA00706,V0442,M005,2025-01-21,88,62,Mobile,6.2
WA00707,V0280,M006,2025-03-29,72,70,Tablet,6.1
WA00708,V0244,M004,2024-12-11,82,76,Smart TV,8.7
WA00709,V0354,M001,2025-03-15,33,36,Web,4.4
WA00710,V0274,M007,2024-12-19,61,45,Web,8.9
WA00711,V0155,M007,2024-10-03,86,62,Mobile,9.5
WA00712,V0441,M013,2024-11-30,71,56,Web,9.4
WA00713,V0141,M011,2024-12-21,48,34,Mobile,8.7
WA00714,V0368,M008,2025-01-29,102,72,Tablet,9.1
WA00715,V0260,M014,2024-10-26,69,63,Mobile,5.1
WA00716,V0356,M010,2025-02-18,115,88,Mobile,8.2
WA00717,V0406,M011,2025-03-14,97,86,Web,2.5
WA00718,V0295,M004,2025-03-10,90,70,Mobile,3.3
WA00719,V0406,M004,2025-02-10,86,82,Smart TV,5.9
WA00720,V0352,M014,2024-11-04,63,52,Smart TV,8.5
WA00721,V0094,M004,2024-10-22,110,77,Tablet,9.1
WA00722,V0486,M014,2025-02-24,37,32,Mobile,9.4
WA00723,V0499,M011,2025-03-06,48,41,Tablet,4.0
WA00724,V0317,M012,2024-11-13,77,81,Tablet,7.0
WA00725,V0485,M003,2024-10-23,69,51,Mobile,2.6
WA00726,V0061,M009,2025-01-20,137,93,Web,7.9
WA00727,V0196,M004,2024-12-08,117,93,Web,5.7
WA00728,V0373,M004,2025-03-03,77,66,Web,5.6
WA00729,V0500,M007,2024-11-07,62,67,Smart TV,4.3
WA00730,V0044,M008,2024-12-03,120,88,Mobile,6.0
WA00731,V0366,M014,2024-12-22,79,57,Tablet,7.8
WA00732,V0049,M012,2025-03-02,47,39,Mobile,2.9
WA00733,V0311,M015,2024-11-30,112,75,Mobile,2.5
WA00734,V0203,M009,2025-03-08,93,68,Smart TV,3.5
WA00735,V0134,M015,2025-02-21,49,52,Web,6.3
WA00736,V0046,M015,2024-12-26,68,46,Smart TV,7.8
WA00737,V0161,M007,2024-11-06,54,44,Mobile,9.8
WA00738,V0145,M008,2024-12-11,115,85,Smart TV,7.1
WA00739,V0224,M013,2024-12-07,109,70,Web,4.9
WA00740,V0097,M008,2024-11-08,52,36,Web,2.9
WA00741,V0084,M003,2024-10-10,94,63,Tablet,5.8
WA00742,V0183,M015,2025-02-04,81,86,Tablet,5.9
WA00743,V0048,M002,2024-11-07,77,74,Web,9.0
WA00744,V0289,M003,2024-11-13,99,64,Web,6.9
WA00745,V0472,M001,2025-02-12,93,83,Mobile,4.3
WA00746,V0014,M008,2025-03-23,73,72,Smart TV,7.6
WA00747,V0303,M011,2024-11-01,107,77,Mobile,8.8
WA00748,V0426,M003,2024-10-08,88,88,Tablet,5.9
WA00749,V0497,M005,2025-03-02,64,72,Mobile,7.4
WA00750,V0442,M008,2024-12-23,60,57,Mobile,8.5
WA00751,V0281,M005,2024-12-22,37,39,Tablet,3.2
WA00752,V0046,M005,2024-11-15,97,81,Mobile,8.9
WA00753,V0332,M003,2025-01-08,93,66,Web,3.4
WA00754,V0184,M008,2025-01-19,59,46,Mobile,8.7
WA00755,V0454,M009,2024-11-21,132,87,Tablet,6.1
WA00756,V0388,M010,2025-03-03,59,41,Tablet,8.6
WA00757,V0048,M010,2024-11-17,121,84,Mobile,6.4
WA00758,V0477,M008,2025-03-23,57,49,Tablet,6.5
WA00759,V0240,M011,2025-02-12,67,67,Tablet,3.1
WA00760,V0066,M013,2025-01-31,62,49,Smart TV,8.8
WA00761,V0283,M009,2025-01-18,45,36,Mobile,9.4
WA00762,V0212,M009,2024-10-28,130,84,Mobile,6.0
WA00763,V0131,M012,2025-02-23,91,75,Mobile,8.3
WA00764,V0403,M001,2024-10-30,77,52,Web,8.8
WA00765,V0161,M001,2024-10-22,97,68,Tablet,8.2
WA00766,V0495,M008,2025-03-09,89,73,Web,4.1
WA00767,V0223,M002,2025-03-04,52,43,Mobile,2.5
WA00768,V0236,M002,2024-10-04,101,91,Tablet,9.0
WA00769,V0317,M012,2025-03-04,103,68,Smart TV,7.7
WA00770,V0045,M012,2025-03-22,95,68,Web,3.5
WA00771,V0440,M004,2024-10-29,49,54,Mobile,4.1
WA00772,V0432,M011,2024-11-07,102,85,Web,3.1
WA00773,V0217,M013,2025-01-27,97,90,Mobile,3.4
WA00774,V0242,M015,2024-11-09,134,92,Mobile,8.9
WA00775,V0292,M010,2024-12-02,77,67,Tablet,2.9
WA00776,V0435,M001,2024-10-27,120,83,Tablet,8.0
WA00777,V0250,M010,2025-02-19,43,34,Tablet,6.1
WA00778,V0366,M010,2025-03-06,89,59,Mobile,6.5
WA00779,V0033,M007,2025-02-25,130,100,Smart TV,9.2
WA00780,V0319,M007,2025-01-30,96,93,Smart TV,5.9
WA00781,V0372,M007,2024-10-06,72,66,Web,6.0
WA00782,V0301,M008,2024-11-29,89,58,Smart TV,9.4
WA00783,V0453,M014,2025-03-18,68,46,Smart TV,7.9
WA00784,V0410,M007,2025-01-15,122,90,Web,7.2
WA00785,V0067,M005,2025-03-26,91,91,Web,4.0
WA00786,V0483,M010,2025-02-03,84,83,Tablet,4.8
WA00787,V0184,M004,2025-02-20,30,32,Smart TV,5.2
WA00788,V0414,M003,2024-11-14,52,34,Mobile,5.0
WA00789,V0288,M002,2025-03-08,53,45,Web,6.1
WA00790,V0459,M006,2024-12-30,60,64,Web,8.9
WA00791,V0475,M014,2025-02-09,37,36,Tablet,8.5
WA00792,V0422,M014,2024-10-29,44,43,Mobile,6.3
WA00793,V0467,M003,2025-03-11,58,56,Smart TV,3.7
WA00794,V0376,M005,2025-01-22,143,93,Mobile,3.7
WA00795,V0435,M006,2024-12-25,48,45,Web,5.8
WA00796,V0175,M007,2024-10-02,108,90,Smart TV,6.3
WA00797,V0185,M002,2024-12-08,113,83,Web,3.6
WA00798,V0071,M013,2025-02-13,84,59,Tablet,5.6
WA00799,V0484,M007,2025-01-26,118,76,Mobile,5.8
WA00800,V0044,M013,2024-10-03,59,38,Smart TV,4.9
WA00801,V0202,M013,2024-11-12,53,37,Mobile,7.5
WA00802,V0499,M011,2024-11-08,93,96,Smart TV,5.6
WA00803,V0370,M015,2025-03-24,108,68,Smart TV,9.3
WA00804,V0359,M001,2024-12-11,75,48,Tablet,5.8
WA00805,V0455,M004,2025-02-17,108,74,Tablet,8.3
WA00806,V0276,M015,2024-12-17,34,34,Smart TV,5.4
WA00807,V0146,M012,2024-11-02,154,99,Web,3.2
WA00808,V0388,M009,2024-12-19,113,73,Web,2.7
WA00809,V0427,M015,2025-02-16,73,60,Smart TV,7.9
WA00810,V0133,M009,2024-10-29,74,77,Smart TV,3.4
WA00811,V0153,M013,2025-03-16,91,87,Mobile,5.9
WA00812,V0180,M004,2025-02-26,93,59,Smart TV,4.6
WA00813,V0267,M013,2025-02-24,83,78,Web,3.3
WA00814,V0233,M009,2025-02-27,86,76,Mobile,3.6
WA00815,V0032,M007,2025-01-14,41,41,Tablet,9.2
WA00816,V0190,M008,2024-11-24,57,39,Tablet,6.9
WA00817,V0326,M009,2025-01-10,114,93,Tablet,10.0
WA00818,V0074,M012,2025-02-03,71,50,Web,6.1
WA00819,V0061,M008,2024-11-03,150,97,Web,5.9
WA00820,V0309,M001,2024-11-10,61,45,Tablet,3.3
WA00821,V0268,M006,2025-02-24,44,35,Web,3.4
WA00822,V0249,M005,2025-01-04,85,67,Mobile,8.4
WA00823,V0480,M003,2025-02-28,51,36,Smart TV,9.2
WA00824,V0063,M004,2024-11-16,45,30,Smart TV,3.0
WA00825,V0290,M001,2025-01-15,104,69,Tablet,9.3
WA00826,V0391,M013,2025-01-05,69,46,Web,6.3
WA00827,V0444,M008,2025-01-24,72,49,Smart TV,3.2
WA00828,V0120,M010,2025-03-20,112,79,Tablet,5.0
WA00829,V0331,M001,2025-03-21,94,65,Mobile,9.0
WA00830,V0330,M012,2024-10-07,58,45,Mobile,3.9
WA00831,V0097,M010,2025-02-16,92,96,Tablet,6.3
WA00832,V0493,M001,2024-10-31,83,53,Mobile,4.6
WA00833,V0414,M004,2024-12-02,58,40,Smart TV,5.5
WA00834,V0224,M001,2025-02-03,67,73,Web,5.6
WA00835,V0132,M014,2025-02-13,101,78,Mobile,3.4
WA00836,V0074,M002,2025-02-16,73,66,Web,4.4
WA00837,V0348,M002,2024-11-09,105,82,Web,2.9
WA00838,V0153,M006,2024-11-16,34,37,Tablet,3.2
WA00839,V0193,M003,2025-01-14,82,63,Mobile,2.9
WA00840,V0261,M004,2025-03-02,111,93,Tablet,9.6
WA00841,V0284,M005,2024-10-16,115,89,Tablet,3.0
WA00842,V0138,M001,2025-01-13,38,32,Mobile,4.3
WA00843,V0291,M009,2025-03-16,72,68,Tablet,5.8
WA00844,V0401,M014,2025-03-12,86,56,Web,5.3
WA00845,V0493,M003,2024-12-02,132,84,Tablet,2.8
WA00846,V0001,M014,2025-01-27,64,51,Mobile,9.5
WA00847,V0180,M008,2024-12-09,95,78,Web,6.9
WA00848,V0379,M009,2024-12-12,47,50,Mobile,4.8
WA00849,V0372,M007,2025-03-28,49,47,Smart TV,9.1
WA00850,V0453,M004,2025-03-06,107,70,Smart TV,7.3
WA00851,V0340,M013,2025-01-24,75,61,Smart TV,5.1
WA00852,V0468,M008,2025-03-03,42,32,Web,7.3
WA00853,V0462,M001,2025-03-05,45,30,Mobile,7.5
WA00854,V0276,M007,2025-02-20,121,80,Mobile,8.4
WA00855,V0016,M011,2025-03-16,97,98,Tablet,7.5
WA00856,V0091,M006,2025-01-05,106,79,Mobile,3.4
WA00857,V0114,M006,2024-11-19,45,31,Mobile,8.2
WA00858,V0418,M011,2024-12-31,46,41,Smart TV,8.6
WA00859,V0019,M004,2024-11-29,116,76,Smart TV,6.2
WA00860,V0101,M012,2025-03-30,34,30,Tablet,3.3
WA00861,V0088,M005,2025-02-23,143,93,Web,7.4
WA00862,V0302,M010,2025-03-22,42,38,Web,8.1
WA00863,V0374,M003,2024-12-06,114,96,Smart TV,3.9
WA00864,V0349,M011,2024-10-06,97,62,Tablet,2.5
WA00865,V0222,M007,2025-03-14,68,71,Tablet,4.6
WA00866,V0186,M011,2025-02-10,138,93,Mobile,9.1
WA00867,V0273,M004,2024-10-13,103,83,Tablet,4.9
WA00868,V0451,M007,2024-11-19,52,40,Mobile,9.9
WA00869,V0470,M004,2025-03-26,56,39,Web,4.0
WA00870,V0015,M006,2024-12-19,41,42,Tablet,5.7
WA00871,V0127,M001,2025-03-01,81,62,Mobile,6.1
WA00872,V0407,M006,2024-10-14,126,96,Web,9.6
WA00873,V0321,M013,2025-03-03,61,42,Tablet,6.8
WA00874,V0161,M002,2024-10-16,73,78,Mobile,8.4
WA00875,V0313,M001,2025-01-22,65,68,Tablet,3.0
WA00876,V0436,M011,2024-10-15,64,67,Tablet,5.5
WA00877,V0233,M010,2025-01-14,36,31,Tablet,6.0
WA00878,V0334,M007,2025-03-08,74,73,Mobile,5.9
WA00879,V0053,M006,2025-02-28,49,43,Mobile,7.0
WA00880,V0327,M002,2025-03-01,52,46,Smart TV,5.2
WA00881,V0125,M008,2025-03-08,77,53,Web,8.5
WA00882,V0263,M001,2024-11-02,109,85,Smart TV,4.8
WA00883,V0241,M015,2025-02-16,51,48,Smart TV,7.0
WA00884,V0301,M005,2025-01-03,87,96,Web,2.9
WA00885,V0177,M009,2025-02-21,80,84,Web,9.8
WA00886,V0097,M011,2024-11-21,71,73,Tablet,7.7
WA00887,V0316,M008,2025-03-03,95,72,Smart TV,5.6
WA00888,V0254,M003,2024-10-27,51,35,Web,9.4
WA00889,V0320,M011,2024-11-27,105,89,Web,4.3
WA00890,V0205,M012,2024-12-24,77,56,Web,8.7
WA00891,V0184,M001,2025-01-01,35,39,Mobile,6.7
WA00892,V0324,M003,2024-12-14,78,54,Smart TV,2.8
WA00893,V0090,M001,2024-11-20,75,66,Web,9.1
WA00894,V0126,M012,2024-11-14,133,100,Web,4.0
WA00895,V0426,M003,2024-12-07,32,32,Web,5.3
WA00896,V0157,M013,2024-10-29,74,56,Tablet,4.3
WA00897,V0410,M013,2025-01-04,107,97,Tablet,9.1
WA00898,V0407,M002,2024-10-31,49,46,Web,3.9
WA00899,V0307,M007,2025-03-27,95,70,Tablet,9.8
WA00900,V0151,M004,2024-10-12,111,98,Web,5.0
WA00901,V0436,M001,2025-03-11,57,46,Tablet,4.1
WA00902,V0261,M002,2025-01-29,49,51,Tablet,8.1
WA00903,V0266,M011,2025-02-08,127,93,Tablet,3.8
WA00904,V0367,M012,2025-01-04,142,91,Tablet,6.1
WA00905,V0113,M010,2025-01-11,52,56,Web,5.9
WA00906,V0218,M004,2025-01-10,80,69,Tablet,6.8
WA00907,V0044,M015,2025-01-04,122,100,Web,8.1
WA00908,V0118,M005,2025-01-22,117,75,Mobile,6.0
WA00909,V0240,M010,2024-12-26,125,87,Tablet,5.6
WA00910,V0196,M013,2025-02-05,83,64,Mobile,3.8
WA00911,V0462,M004,2024-12-07,74,75,Mobile,4.7
WA00912,V0403,M009,2025-02-09,63,40,Smart TV,9.4
WA00913,V0020,M002,2024-10-31,75,76,Web,5.0
WA00914,V0382,M011,2024-12-24,82,68,Smart TV,3.9
WA00915,V0005,M010,2024-11-05,100,63,Smart TV,4.6
WA00916,V0242,M006,2025-01-12,43,31,Web,9.0
WA00917,V0120,M004,2024-11-28,104,90,Tablet,7.9
WA00918,V0434,M008,2024-12-27,70,70,Web,5.7
WA00919,V0231,M012,2025-01-15,99,86,Mobile,5.3
WA00920,V0256,M010,2024-11-02,39,31,Smart TV,5.0
WA00921,V0154,M007,2025-01-17,138,98,Smart TV,6.9
WA00922,V0488,M010,2024-10-09,52,49,Smart TV,6.8
WA00923,V0105,M013,2025-03-04,109,78,Tablet,3.0
WA00924,V0169,M007,2024-11-18,64,43,Tablet,7.3
WA00925,V0346,M005,2024-10-24,47,43,Web,2.7
WA00926,V0096,M012,2025-03-04,50,33,Web,3.0
WA00927,V0150,M007,2024-12-12,68,59,Mobile,5.9
WA00928,V0168,M006,2025-02-10,46,51,Tablet,5.4
WA00929,V0245,M002,2024-11-03,131,83,Mobile,5.4
WA00930,V0159,M015,2024-11-22,59,56,Tablet,8.6
WA00931,V0301,M011,2025-01-30,75,69,Web,6.3
WA00932,V0004,M011,2025-01-26,68,55,Web,5.8
WA00933,V0169,M014,2025-01-11,117,97,Tablet,6.0
WA00934,V0331,M010,2024-10-11,66,66,Tablet,5.1
WA00935,V0213,M014,2024-12-16,72,52,Web,3.8
WA00936,V0467,M010,2025-01-19,116,79,Web,7.7
WA00937,V0454,M002,2025-01-09,57,60,Web,4.6
WA00938,V0358,M011,2025-02-15,48,38,Web,9.3
WA00939,V0040,M007,2025-02-19,80,77,Mobile,6.3
WA00940,V0085,M013,2024-12-23,123,87,Smart TV,4.1
WA00941,V0328,M001,2025-01-27,36,39,Tablet,5.4
WA00942,V0020,M012,2025-01-11,91,80,Mobile,4.4
WA00943,V0249,M012,2024-11-04,116,89,Tablet,3.0
WA00944,V0072,M009,2025-03-18,104,86,Tablet,8.7
WA00945,V0311,M014,2024-11-11,35,32,Mobile,3.8
WA00946,V0040,M002,2025-02-14,71,51,Mobile,7.6
WA00947,V0111,M003,2025-01-21,70,52,Mobile,9.2
WA00948,V0429,M009,2024-11-25,52,36,Mobile,5.4
WA00949,V0025,M005,2025-01-22,28,30,Tablet,8.3
WA00950,V0103,M015,2024-12-03,82,60,Mobile,2.6
WA00951,V0349,M001,2024-10-04,71,54,Mobile,4.2
WA00952,V0023,M015,2024-10-25,56,51,Tablet,6.3
WA00953,V0320,M014,2024-12-23,70,54,Web,9.5
WA00954,V0110,M007,2025-01-18,61,59,Mobile,5.2
WA00955,V0007,M003,2024-10-04,98,70,Tablet,4.1
WA00956,V0023,M004,2024-10-17,96,77,Mobile,9.1
WA00957,V0365,M007,2024-12-17,65,43,Web,4.4
WA00958,V0348,M002,2025-03-03,103,79,Web,5.0
WA00959,V0035,M011,2025-03-26,118,91,Smart TV,2.6
WA00960,V0262,M015,2025-02-27,114,78,Web,6.3
WA00961,V0316,M012,2024-10-04,38,32,Mobile,4.8
WA00962,V0031,M012,2025-01-18,48,40,Web,5.3
WA00963,V0105,M005,2024-11-21,85,78,Mobile,4.3
WA00964,V0069,M012,2025-03-03,105,72,Smart TV,4.9
WA00965,V0332,M013,2024-10-11,129,83,Smart TV,8.1
WA00966,V0106,M004,2024-12-24,81,61,Mobile,9.3
WA00967,V0267,M011,2024-12-03,92,78,Smart TV,3.9
WA00968,V0036,M011,2024-10-02,90,92,Web,2.9
WA00969,V0089,M003,2024-11-22,43,41,Web,4.3
WA00970,V0085,M002,2025-01-18,102,69,Web,4.3
WA00971,V0147,M003,2025-03-05,82,68,Tablet,9.8
WA00972,V0487,M004,2024-12-09,60,40,Smart TV,5.5
WA00973,V0259,M003,2025-01-29,122,84,Tablet,8.2
WA00974,V0219,M014,2025-02-01,71,78,Mobile,8.2
WA00975,V0284,M015,2024-12-16,77,49,Web,4.4
WA00976,V0193,M008,2024-12-18,97,66,Tablet,3.0
WA00977,V0470,M003,2025-01-29,56,49,Web,2.5
WA00978,V0208,M014,2025-02-06,126,92,Tablet,9.6
WA00979,V0158,M012,2025-01-04,127,92,Mobile,5.6
WA00980,V0100,M001,2024-11-01,69,50,Tablet,9.7
WA00981,V0326,M013,2024-12-29,142,92,Smart TV,7.7
WA00982,V0125,M011,2025-01-07,87,61,Tablet,2.8
WA00983,V0134,M014,2025-01-01,44,48,Tablet,9.6
WA00984,V0007,M003,2024-12-05,60,50,Mobile,8.3
WA00985,V0266,M011,2025-01-07,56,40,Web,9.1
WA00986,V0257,M003,2025-01-18,82,68,Tablet,6.9
WA00987,V0326,M012,2025-01-14,43,43,Smart TV,8.6
WA00988,V0004,M005,2024-11-23,96,69,Web,8.6
WA00989,V0269,M001,2024-10-25,81,83,Tablet,7.4
WA00990,V0192,M012,2025-01-19,57,52,Web,7.8
WA00991,V0486,M004,2025-02-02,106,94,Mobile,5.9
WA00992,V0031,M014,2024-11-24,62,55,Web,8.6
WA00993,V0321,M004,2024-12-06,122,86,Mobile,9.0
WA00994,V0194,M003,2024-10-21,50,40,Mobile,4.6
WA00995,V0249,M006,2024-10-08,109,91,Mobile,2.6
WA00996,V0109,M005,2024-10-02,39,42,Mobile,5.3
WA00997,V0388,M009,2024-12-08,136,90,Smart TV,7.0
WA00998,V0419,M006,2025-01-03,93,70,Web,9.6
WA00999,V0500,M011,2025-01-11,51,37,Smart TV,9.0
WA01000,V0446,M013,2024-10-26,79,88,Tablet,7.9
WA01001,V0445,M015,2024-11-05,41,45,Smart TV,9.6
WA01002,V0317,M013,2024-12-03,119,87,Tablet,6.4
WA01003,V0009,M011,2024-11-18,63,71,Smart TV,9.1
WA01004,V0311,M013,2024-12-23,86,59,Tablet,5.5
WA01005,V0481,M010,2024-10-21,112,84,Tablet,9.9
WA01006,V0151,M014,2025-03-29,80,79,Web,7.8
WA01007,V0066,M014,2025-02-11,52,34,Tablet,8.5
WA01008,V0087,M005,2025-03-22,142,89,Tablet,9.7
WA01009,V0125,M008,2025-03-19,95,60,Web,3.8
WA01010,V0223,M011,2025-03-29,43,43,Mobile,3.7
WA01011,V0113,M015,2024-12-23,90,65,Smart TV,7.5
WA01012,V0473,M015,2025-03-21,49,47,Tablet,3.2
WA01013,V0330,M012,2024-12-25,44,38,Smart TV,5.3
WA01014,V0115,M012,2025-01-06,85,59,Smart TV,3.4
WA01015,V0380,M002,2024-10-29,73,73,Web,8.1
WA01016,V0437,M002,2025-02-24,63,46,Smart TV,9.7
WA01017,V0303,M010,2024-10-01,47,37,Web,8.9
WA01018,V0267,M007,2024-12-21,62,46,Web,3.3
WA01019,V0075,M001,2025-02-15,103,70,Smart TV,8.8
WA01020,V0308,M008,2025-03-24,71,48,Smart TV,3.6
WA01021,V0159,M011,2025-03-29,65,70,Mobile,4.6
WA01022,V0254,M014,2025-03-30,86,57,Smart TV,7.8
WA01023,V0424,M007,2024-10-16,64,49,Web,8.9
WA01024,V0439,M015,2024-11-27,49,52,Tablet,8.0
WA01025,V0281,M005,2025-03-18,35,32,Tablet,5.0
WA01026,V0201,M011,2025-01-30,107,80,Mobile,6.5
WA01027,V0202,M005,2024-12-12,114,100,Mobile,3.5
WA01028,V0235,M013,2025-02-26,65,68,Web,6.8
WA01029,V0460,M008,2025-03-28,101,67,Web,4.1
WA01030,V0372,M013,2024-11-20,69,76,Mobile,7.6
WA01031,V0348,M014,2024-11-07,115,84,Web,9.4
WA01032,V0484,M002,2024-12-31,78,52,Mobile,3.4
WA01033,V0497,M009,2025-03-16,113,85,Web,7.2
WA01034,V0124,M007,2024-12-02,42,45,Tablet,6.2
WA01035,V0398,M012,2025-03-02,87,78,Mobile,8.3
WA01036,V0324,M014,2025-03-16,89,65,Tablet,5.3
WA01037,V0251,M002,2024-10-30,45,45,Web,2.7
WA01038,V0356,M010,2025-02-24,98,65,Mobile,8.5
WA01039,V0153,M003,2025-01-07,128,85,Web,3.2
WA01040,V0417,M002,2025-02-15,91,81,Mobile,5.5
WA01041,V0033,M014,2025-02-15,144,92,Mobile,8.2
WA01042,V0442,M004,2025-03-18,55,53,Web,2.5
WA01043,V0066,M008,2024-12-20,36,35,Web,7.4
WA01044,V0044,M002,2025-02-21,41,34,Mobile,6.3
WA01045,V0484,M006,2025-02-17,93,84,Mobile,4.4
WA01046,V0228,M001,2025-02-10,124,98,Web,6.8
WA01047,V0311,M012,2024-12-20,117,75,Web,7.7
WA01048,V0097,M011,2024-10-12,40,34,Web,4.7
WA01049,V0111,M014,2024-11-25,107,100,Smart TV,4.6
WA01050,V0282,M012,2025-03-09,56,39,Smart TV,4.5
WA01051,V0043,M011,2024-11-11,124,88,Smart TV,7.6
WA01052,V0037,M012,2024-11-06,88,56,Smart TV,10.0
WA01053,V0289,M012,2025-03-15,87,77,Web,5.6
WA01054,V0014,M003,2024-12-20,113,78,Web,3.1
WA01055,V0209,M002,2025-02-14,104,100,Mobile,5.0
WA01056,V0075,M002,2025-01-01,84,64,Web,4.6
WA01057,V0488,M002,2025-01-05,92,78,Mobile,8.4
WA01058,V0302,M002,2024-11-14,108,69,Tablet,3.2
WA01059,V0139,M006,2025-03-29,126,100,Mobile,9.2
WA01060,V0177,M003,2024-12-21,73,53,Tablet,6.1
WA01061,V0366,M003,2024-12-06,86,95,Web,7.4
WA01062,V0471,M003,2025-01-05,44,36,Smart TV,7.8
WA01063,V0094,M004,2025-03-23,125,88,Tablet,9.9
WA01064,V0142,M013,2025-01-28,101,66,Tablet,6.4
WA01065,V0486,M012,2024-11-28,52,41,Smart TV,5.5
WA01066,V0374,M006,2024-10-24,39,39,Web,9.6
WA01067,V0381,M003,2025-02-25,38,40,Smart TV,6.7
WA01068,V0478,M008,2024-10-03,136,95,Web,6.1
WA01069,V0208,M009,2025-03-25,71,45,Mobile,7.1
WA01070,V0384,M015,2024-10-02,141,98,Smart TV,4.3
WA01071,V0311,M012,2025-03-19,54,35,Tablet,9.7
WA01072,V0039,M011,2025-02-12,61,52,Smart TV,8.8
WA01073,V0254,M009,2024-12-30,80,84,Tablet,3.8
WA01074,V0436,M002,2024-12-26,119,99,Mobile,4.7
WA01075,V0002,M008,2024-12-15,70,57,Tablet,4.1
WA01076,V0479,M005,2025-03-14,52,34,Tablet,9.2
WA01077,V0004,M014,2025-02-02,72,75,Tablet,5.0
WA01078,V0456,M006,2024-10-28,66,74,Web,5.5
WA01079,V0102,M001,2024-10-26,133,92,Mobile,6.5
WA01080,V0468,M015,2024-11-09,63,45,Tablet,2.6
WA01081,V0241,M013,2025-03-18,70,58,Tablet,5.3
WA01082,V0416,M006,2025-01-18,110,98,Smart TV,3.3
WA01083,V0072,M008,2025-03-18,73,50,Smart TV,8.1
WA01084,V0098,M001,2024-12-31,50,44,Smart TV,2.8
WA01085,V0083,M007,2025-01-16,44,34,Web,9.6
WA01086,V0251,M011,2024-12-08,87,83,Tablet,8.5
WA01087,V0257,M012,2024-11-02,106,81,Tablet,3.5
WA01088,V0177,M002,2024-10-06,51,49,Mobile,8.3
WA01089,V0500,M004,2024-10-14,111,84,Mobile,5.8
WA01090,V0390,M005,2024-12-12,60,40,Tablet,4.4
WA01091,V0144,M003,2025-02-08,68,61,Mobile,9.0
WA01092,V0243,M012,2024-12-03,79,55,Mobile,7.8
WA01093,V0438,M009,2025-03-06,61,54,Web,4.2
WA01094,V0099,M003,2025-01-11,61,65,Web,5.7
WA01095,V0195,M010,2024-11-21,36,36,Tablet,6.4
WA01096,V0173,M012,2025-03-12,69,58,Tablet,6.1
WA01097,V0057,M009,2025-01-18,65,68,Smart TV,5.2
WA01098,V0459,M006,2025-01-16,84,70,Mobile,3.9
WA01099,V0147,M001,2024-10-14,74,57,Tablet,4.6
WA01100,V0130,M010,2024-10-26,76,53,Tablet,5.2
WA01101,V0350,M005,2024-10-29,31,31,Web,5.0
WA01102,V0122,M012,2025-01-01,120,77,Smart TV,4.1
WA01103,V0323,M007,2024-10-23,47,46,Mobile,2.8
WA01104,V0361,M015,2025-03-17,61,54,Tablet,9.4
WA01105,V0372,M002,2025-02-17,90,68,Tablet,9.9
WA01106,V0066,M004,2025-02-14,38,35,Web,5.6
WA01107,V0230,M012,2024-12-04,101,76,Mobile,9.3
WA01108,V0477,M002,2025-02-01,138,97,Mobile,3.8
WA01109,V0024,M005,2025-03-28,71,67,Mobile,8.5
WA01110,V0351,M012,2024-11-18,130,93,Mobile,3.7
WA01111,V0206,M013,2025-02-08,109,79,Smart TV,4.1
WA01112,V0451,M001,2024-11-10,36,31,Tablet,6.3
WA01113,V0437,M012,2025-02-12,83,68,Web,4.7
WA01114,V0115,M005,2025-02-19,53,51,Mobile,6.5
WA01115,V0475,M005,2024-10-11,70,65,Web,4.5
WA01116,V0274,M013,2024-10-14,67,56,Mobile,2.5
WA01117,V0043,M006,2025-03-11,97,71,Smart TV,7.9
WA01118,V0030,M007,2025-03-06,90,71,Mobile,8.7
WA01119,V0498,M004,2024-12-11,69,62,Mobile,6.5
WA01120,V0485,M014,2025-02-27,80,78,Smart TV,9.0
WA01121,V0419,M011,2025-03-04,89,56,Tablet,4.2
WA01122,V0229,M005,2024-11-22,68,49,Web,8.0
WA01123,V0048,M007,2025-01-03,98,91,Tablet,3.9
WA01124,V0483,M003,2024-11-15,104,92,Web,7.4
WA01125,V0419,M001,2024-12-19,57,52,Tablet,7.7
WA01126,V0219,M004,2024-10-18,42,39,Web,5.9
WA01127,V0071,M011,2025-01-12,98,97,Mobile,7.0
WA01128,V0424,M007,2025-01-07,40,44,Mobile,8.2
WA01129,V0395,M011,2024-10-12,64,61,Mobile,4.5
WA01130,V0491,M011,2025-03-03,28,31,Mobile,6.6
WA01131,V0072,M014,2024-12-26,55,55,Tablet,8.2
WA01132,V0170,M015,2025-01-22,75,69,Tablet,3.7
WA01133,V0064,M001,2025-02-17,122,99,Mobile,8.7
WA01134,V0262,M002,2025-02-17,54,43,Tablet,3.6
WA01135,V0219,M015,2024-11-27,54,59,Tablet,3.6
WA01136,V0352,M011,2024-12-13,93,79,Mobile,6.2
WA01137,V0183,M002,2024-11-27,67,66,Mobile,7.1
WA01138,V0310,M002,2025-01-01,35,35,Web,3.8
WA01139,V0077,M009,2024-12-25,94,84,Smart TV,7.2
WA01140,V0470,M005,2024-12-29,65,64,Tablet,7.5
WA01141,V0442,M015,2024-12-07,29,30,Web,8.3
WA01142,V0229,M003,2024-12-21,85,79,Tablet,8.6
WA01143,V0075,M002,2025-02-25,93,65,Mobile,4.9
WA01144,V0164,M003,2024-11-16,104,75,Tablet,5.7
WA01145,V0411,M012,2025-01-14,62,47,Web,5.4
WA01146,V0253,M009,2025-02-05,154,98,Web,5.4
WA01147,V0360,M010,2025-01-16,91,58,Mobile,4.3
WA01148,V0286,M001,2024-11-22,69,76,Tablet,9.7
WA01149,V0185,M015,2024-10-29,71,74,Web,4.7
WA01150,V0108,M003,2025-02-19,87,61,Web,2.9
WA01151,V0376,M003,2024-10-31,84,78,Mobile,7.7
WA01152,V0340,M007,2025-01-04,41,43,Mobile,6.1
WA01153,V0188,M010,2024-11-10,44,48,Web,3.1
WA01154,V0392,M002,2024-10-04,70,49,Web,6.0
WA01155,V0211,M003,2025-02-13,115,90,Smart TV,5.8
WA01156,V0057,M011,2025-03-27,60,66,Web,3.0
WA01157,V0083,M011,2024-10-09,105,94,Mobile,5.5
WA01158,V0365,M007,2025-03-24,148,100,Smart TV,9.4
WA01159,V0477,M009,2024-12-18,99,84,Web,4.5
WA01160,V0381,M002,2025-02-11,63,46,Web,5.5
WA01161,V0422,M001,2024-11-26,74,53,Mobile,8.6
WA01162,V0424,M008,2025-01-31,105,81,Tablet,3.7
WA01163,V0139,M013,2025-01-04,77,54,Mobile,3.3
WA01164,V0123,M006,2025-03-04,43,33,Smart TV,3.7
WA01165,V0388,M002,2024-10-17,36,31,Smart TV,3.9
WA01166,V0138,M004,2025-03-13,56,60,Mobile,9.8
WA01167,V0025,M010,2024-10-12,52,35,Smart TV,3.2
WA01168,V0491,M005,2024-10-03,89,66,Tablet,6.3
WA01169,V0360,M006,2025-01-09,62,46,Mobile,5.0
WA01170,V0414,M015,2025-02-06,95,94,Web,2.7
WA01171,V0149,M013,2025-01-06,51,34,Web,3.6
WA01172,V0453,M008,2024-10-21,59,59,Web,8.6
WA01173,V0265,M011,2024-11-06,103,94,Smart TV,5.9
WA01174,V0320,M003,2024-12-26,96,76,Tablet,2.8
WA01175,V0107,M012,2025-03-24,83,60,Mobile,9.7
WA01176,V0413,M010,2025-03-10,64,42,Mobile,3.6
WA01177,V0256,M014,2024-12-19,65,41,Mobile,5.9
WA01178,V0144,M003,2024-12-15,41,38,Smart TV,5.2
WA01179,V0243,M002,2024-11-15,93,63,Smart TV,8.2
WA01180,V0498,M008,2025-03-16,48,45,Tablet,2.8
WA01181,V0439,M014,2024-12-13,115,82,Web,5.8
WA01182,V0043,M009,2025-03-09,100,77,Tablet,6.3
WA01183,V0380,M005,2025-03-24,35,37,Web,7.7
WA01184,V0149,M009,2024-10-03,46,43,Tablet,3.7
WA01185,V0448,M007,2024-10-19,93,79,Tablet,7.5
WA01186,V0461,M006,2025-01-28,146,98,Tablet,3.3
WA01187,V0103,M003,2024-10-28,119,85,Tablet,5.0
WA01188,V0360,M006,2024-12-27,86,57,Tablet,3.4
WA01189,V0486,M008,2024-10-10,77,49,Tablet,3.6
WA01190,V0032,M004,2024-12-21,73,78,Smart TV,8.4
WA01191,V0445,M008,2024-11-24,54,57,Mobile,9.6
WA01192,V0326,M011,2025-01-17,76,62,Web,3.1
WA01193,V0153,M002,2024-12-10,56,40,Tablet,9.0
WA01194,V0426,M009,2024-11-24,65,53,Mobile,3.2
WA01195,V0085,M015,2025-01-18,90,68,Web,5.1
WA01196,V0353,M007,2025-02-01,147,98,Web,9.7
WA01197,V0288,M007,2024-12-30,43,31,Web,3.1
WA01198,V0341,M011,2025-02-26,76,71,Smart TV,2.6
WA01199,V0443,M015,2025-01-26,100,93,Smart TV,3.4
WA01200,V0370,M011,2025-01-13,118,96,Mobile,9.9
WA01201,V0019,M014,2024-11-02,61,42,Web,8.1
WA01202,V0308,M004,2025-01-16,81,51,Tablet,4.1
WA01203,V0417,M004,2024-11-18,70,77,Smart TV,2.6
WA01204,V0359,M015,2024-12-18,69,45,Tablet,7.4
WA01205,V0181,M008,2025-01-14,106,75,Tablet,6.4
WA01206,V0235,M013,2024-12-25,54,52,Tablet,5.3
WA01207,V0224,M009,2025-03-02,108,99,Tablet,4.6
WA01208,V0360,M011,2025-03-26,95,66,Mobile,10.0
WA01209,V0316,M013,2024-10-27,32,32,Tablet,3.3
WA01210,V0325,M012,2025-03-09,66,42,Tablet,6.3
WA01211,V0109,M013,2024-10-09,105,83,Web,8.3
WA01212,V0439,M009,2025-01-06,57,55,Tablet,9.6
WA01213,V0004,M006,2025-01-27,113,80,Smart TV,8.4
WA01214,V0158,M009,2024-12-12,78,63,Tablet,7.5
WA01215,V0014,M001,2025-01-15,29,31,Web,8.4
WA01216,V0088,M014,2025-02-10,93,72,Tablet,4.3
WA01217,V0411,M007,2024-11-19,50,36,Tablet,3.5
WA01218,V0463,M011,2025-01-08,90,81,Smart TV,6.4
WA01219,V0259,M007,2024-11-29,46,46,Mobile,7.2
WA01220,V0082,M013,2025-01-09,123,100,Smart TV,4.0
WA01221,V0322,M002,2024-10-07,44,31,Web,2.7
WA01222,V0013,M012,2025-02-17,78,78,Web,9.9
WA01223,V0123,M011,2025-03-11,71,53,Web,4.7
WA01224,V0338,M009,2024-12-02,86,63,Mobile,4.6
WA01225,V0057,M015,2024-11-06,39,43,Tablet,9.5
WA01226,V0135,M002,2024-10-28,71,66,Web,3.2
WA01227,V0052,M008,2025-01-01,92,80,Tablet,8.5
WA01228,V0108,M007,2024-10-19,59,39,Tablet,5.3
WA01229,V0093,M006,2025-03-12,73,50,Smart TV,2.6
WA01230,V0500,M003,2025-03-18,42,45,Smart TV,10.0
WA01231,V0082,M008,2025-03-07,47,30,Smart TV,9.4
WA01232,V0012,M004,2025-03-05,91,98,Web,4.1
WA01233,V0168,M006,2024-10-30,38,33,Web,4.1
WA01234,V0141,M012,2025-03-27,67,64,Tablet,4.0
WA01235,V0240,M002,2024-12-29,107,67,Tablet,5.8
WA01236,V0102,M007,2024-11-19,63,52,Smart TV,9.7
WA01237,V0407,M002,2025-02-27,65,51,Web,9.7
WA01238,V0306,M008,2025-01-19,123,84,Smart TV,8.6
WA01239,V0103,M010,2024-10-28,116,84,Smart TV,5.3
WA01240,V0456,M011,2024-10-17,74,51,Mobile,9.7
WA01241,V0310,M005,2025-02-28,95,67,Smart TV,5.5
WA01242,V0405,M002,2024-11-16,110,84,Web,5.2
WA01243,V0075,M002,2024-11-25,105,77,Smart TV,3.4
WA01244,V0110,M006,2025-03-26,65,72,Tablet,6.8
WA01245,V0146,M006,2024-11-29,77,79,Web,6.5
WA01246,V0294,M002,2025-02-21,48,39,Tablet,7.6
WA01247,V0101,M007,2024-12-21,71,55,Mobile,8.5
WA01248,V0062,M008,2024-10-12,103,83,Mobile,5.9
WA01249,V0296,M010,2024-12-23,83,60,Mobile,4.6
WA01250,V0146,M011,2025-02-25,80,89,Web,8.8
WA01251,V0021,M007,2024-10-10,153,97,Smart TV,7.3
WA01252,V0371,M002,2025-01-29,84,83,Smart TV,4.6
WA01253,V0285,M013,2024-12-28,56,40,Smart TV,6.2
WA01254,V0253,M001,2025-01-09,112,88,Mobile,8.8
WA01255,V0025,M010,2024-10-27,53,58,Mobile,3.5
WA01256,V0088,M006,2025-03-26,84,58,Mobile,3.9
WA01257,V0479,M015,2025-01-03,47,30,Mobile,4.4
WA01258,V0485,M013,2024-10-12,37,36,Smart TV,3.1
WA01259,V0358,M006,2025-03-26,88,64,Web,9.4
WA01260,V0164,M010,2025-01-26,48,46,Web,8.1
WA01261,V0268,M015,2025-01-14,66,45,Web,6.8
WA01262,V0396,M011,2025-02-03,88,71,Tablet,4.2
WA01263,V0286,M005,2024-12-15,75,75,Web,7.4
WA01264,V0498,M012,2024-11-22,38,39,Tablet,3.0
WA01265,V0420,M001,2025-03-21,104,89,Tablet,3.9
WA01266,V0264,M002,2024-12-27,112,97,Smart TV,8.2
WA01267,V0055,M005,2025-01-25,102,94,Web,4.1
WA01268,V0104,M006,2025-01-07,139,95,Tablet,3.9
WA01269,V0488,M005,2025-01-17,76,69,Mobile,3.6
WA01270,V0009,M015,2024-10-28,62,60,Tablet,3.9
WA01271,V0181,M001,2025-01-30,136,87,Smart TV,3.4
WA01272,V0109,M009,2024-10-22,114,85,Web,5.5
WA01273,V0226,M007,2025-02-08,47,36,Smart TV,5.3
WA01274,V0100,M001,2025-03-16,115,84,Smart TV,3.9
WA01275,V0312,M003,2025-03-02,121,97,Tablet,6.4
WA01276,V0491,M002,2025-03-24,58,61,Mobile,4.1
WA01277,V0034,M001,2024-10-10,74,60,Mobile,4.6
WA01278,V0202,M015,2025-03-08,112,80,Mobile,4.1
WA01279,V0106,M014,2025-03-27,115,93,Web,8.4
WA01280,V0376,M006,2025-03-13,83,66,Mobile,3.2
WA01281,V0437,M009,2025-03-29,104,69,Web,3.8
WA01282,V0171,M011,2024-10-18,58,53,Tablet,3.6
WA01283,V0172,M001,2025-03-20,126,84,Mobile,3.8
WA01284,V0305,M005,2024-10-20,34,31,Smart TV,9.8
WA01285,V0242,M010,2024-10-01,92,61,Mobile,2.8
WA01286,V0269,M001,2025-02-23,74,59,Web,8.2
WA01287,V0412,M013,2024-10-25,69,68,Smart TV,5.9
WA01288,V0340,M012,2024-12-29,98,62,Tablet,4.4
WA01289,V0364,M008,2024-10-04,91,68,Smart TV,9.2
WA01290,V0139,M013,2025-03-19,66,44,Mobile,3.6
WA01291,V0255,M007,2024-11-26,81,75,Mobile,4.3
WA01292,V0106,M012,2025-03-28,110,76,Mobile,4.0
WA01293,V0450,M007,2025-03-13,66,65,Tablet,9.9
WA01294,V0467,M015,2025-02-12,70,63,Smart TV,9.2
WA01295,V0159,M007,2025-02-28,92,65,Web,2.8
WA01296,V0222,M009,2025-03-29,59,45,Tablet,6.7
WA01297,V0497,M013,2024-12-28,55,44,Mobile,6.2
WA01298,V0268,M011,2024-11-07,73,49,Smart TV,7.2
WA01299,V0148,M011,2024-11-11,117,92,Mobile,8.5
WA01300,V0145,M001,2025-01-25,54,57,Mobile,2.9
WA01301,V0339,M005,2024-10-02,108,75,Mobile,2.9
WA01302,V0341,M003,2024-12-29,118,94,Web,9.7
WA01303,V0222,M012,2024-12-09,59,55,Mobile,4.7
WA01304,V0416,M001,2025-01-30,82,61,Tablet,5.7
WA01305,V0306,M015,2024-10-26,83,68,Smart TV,3.8
WA01306,V0350,M007,2025-03-23,61,47,Web,4.4
WA01307,V0157,M007,2025-02-19,78,68,Mobile,4.7
WA01308,V0094,M015,2025-03-10,147,99,Tablet,8.4
WA01309,V0270,M014,2025-01-20,47,47,Tablet,7.7
WA01310,V0182,M009,2025-03-25,120,89,Tablet,6.0
WA01311,V0491,M007,2025-01-27,30,33,Tablet,3.2
WA01312,V0298,M003,2025-03-07,78,61,Smart TV,3.5
WA01313,V0387,M009,2025-02-22,45,36,Tablet,3.4
WA01314,V0236,M011,2024-10-02,143,96,Mobile,3.1
WA01315,V0305,M005,2025-03-16,74,72,Mobile,8.7
WA01316,V0063,M010,2025-02-01,48,37,Mobile,7.8
WA01317,V0115,M009,2024-11-06,71,47,Web,4.8
WA01318,V0059,M005,2024-10-02,83,55,Mobile,2.5
WA01319,V0127,M010,2024-10-31,65,42,Web,3.3
WA01320,V0029,M001,2025-02-07,116,80,Mobile,4.7
WA01321,V0134,M008,2024-11-17,118,99,Tablet,8.9
WA01322,V0326,M010,2024-11-01,69,48,Mobile,3.9
WA01323,V0262,M014,2025-03-18,61,51,Web,6.1
WA01324,V0189,M005,2024-12-14,94,93,Smart TV,5.4
WA01325,V0417,M012,2024-10-28,123,83,Tablet,3.6
WA01326,V0006,M005,2025-01-26,82,79,Smart TV,2.8
WA01327,V0465,M011,2025-03-18,51,35,Smart TV,9.7
WA01328,V0082,M008,2025-01-26,38,31,Smart TV,6.3
WA01329,V0463,M014,2025-02-06,85,74,Tablet,6.3
WA01330,V0336,M003,2025-03-17,81,75,Smart TV,5.9
WA01331,V0473,M014,2024-11-05,85,68,Tablet,3.0
WA01332,V0493,M014,2025-03-15,117,78,Tablet,7.0
WA01333,V0133,M003,2025-02-25,149,97,Web,7.7
WA01334,V0035,M010,2025-02-26,108,81,Mobile,2.7
WA01335,V0341,M012,2024-11-10,49,42,Mobile,6.2
WA01336,V0396,M011,2025-01-30,77,59,Web,3.3
WA01337,V0473,M015,2024-11-14,115,83,Mobile,3.0
WA01338,V0227,M005,2024-10-30,36,39,Smart TV,7.0
WA01339,V0056,M014,2024-10-08,79,71,Tablet,5.3
WA01340,V0130,M011,2025-02-24,63,55,Tablet,5.8
WA01341,V0223,M005,2024-11-27,57,50,Web,3.1
WA01342,V0018,M001,2025-03-11,57,56,Web,9.2
WA01343,V0175,M006,2025-01-13,62,39,Web,7.6
WA01344,V0098,M015,2025-03-14,146,93,Web,6.8
WA01345,V0317,M008,2025-02-06,101,75,Web,8.5
WA01346,V0292,M008,2025-01-18,53,39,Mobile,3.5
WA01347,V0256,M009,2024-12-16,45,45,Web,2.9
WA01348,V0421,M009,2024-12-24,53,58,Smart TV,9.4
WA01349,V0447,M005,2025-01-08,51,38,Web,9.8
WA01350,V0478,M002,2025-02-14,115,96,Smart TV,5.5
WA01351,V0480,M001,2025-02-17,93,90,Smart TV,7.4
WA01352,V0103,M001,2024-12-26,90,63,Smart TV,9.2
WA01353,V0419,M001,2024-11-05,116,100,Smart TV,9.4
WA01354,V0038,M011,2024-10-16,111,93,Mobile,5.1
WA01355,V0246,M002,2025-01-15,100,100,Web,4.5
WA01356,V0260,M001,2024-10-27,87,93,Web,7.4
WA01357,V0011,M007,2025-01-31,75,59,Mobile,2.7
WA01358,V0350,M013,2024-11-20,123,78,Mobile,6.6
WA01359,V0221,M001,2025-01-08,63,46,Tablet,6.6
WA01360,V0181,M002,2025-01-21,80,77,Web,5.1
WA01361,V0048,M015,2024-10-15,70,59,Mobile,4.2
WA01362,V0448,M012,2025-02-15,29,31,Web,8.6
WA01363,V0093,M002,2024-10-15,91,86,Smart TV,2.8
WA01364,V0067,M006,2025-03-04,81,67,Tablet,6.1
WA01365,V0129,M002,2025-03-18,38,39,Web,6.2
WA01366,V0366,M012,2024-12-31,101,86,Smart TV,9.6
WA01367,V0270,M013,2025-02-19,77,61,Smart TV,4.9
WA01368,V0178,M009,2025-02-06,37,36,Tablet,7.8
WA01369,V0105,M010,2025-02-02,50,40,Web,8.8
WA01370,V0108,M009,2024-11-29,129,100,Mobile,5.3
WA01371,V0358,M014,2024-11-06,56,60,Tablet,7.4
WA01372,V0429,M008,2024-10-30,85,93,Mobile,4.5
WA01373,V0031,M010,2025-01-07,51,40,Smart TV,8.9
WA01374,V0197,M007,2025-02-04,71,78,Tablet,2.8
WA01375,V0273,M004,2025-01-06,96,85,Mobile,7.5
WA01376,V0466,M001,2025-02-16,44,33,Smart TV,9.4
WA01377,V0175,M015,2024-12-07,38,33,Tablet,9.0
WA01378,V0199,M013,2024-10-15,103,100,Smart TV,8.9
WA01379,V0134,M009,2025-01-27,138,96,Web,9.7
WA01380,V0144,M008,2024-11-30,32,31,Smart TV,3.1
WA01381,V0293,M004,2025-02-16,92,73,Tablet,2.8
WA01382,V0401,M005,2025-01-01,76,62,Mobile,3.4
WA01383,V0434,M010,2025-03-19,82,63,Web,5.8
WA01384,V0019,M001,2025-01-21,80,89,Smart TV,6.1
WA01385,V0030,M014,2025-02-20,95,82,Mobile,4.6
WA01386,V0226,M010,2025-02-19,49,38,Web,4.4
WA01387,V0066,M013,2024-12-10,114,93,Web,7.2
WA01388,V0059,M003,2025-03-08,56,59,Mobile,3.9
WA01389,V0284,M009,2025-01-21,45,35,Web,3.0
WA01390,V0348,M012,2024-12-06,39,32,Smart TV,6.6
WA01391,V0056,M001,2025-03-03,88,74,Mobile,6.3
WA01392,V0105,M002,2025-02-08,59,60,Smart TV,6.8
WA01393,V0329,M014,2025-03-24,55,39,Tablet,9.1
WA01394,V0172,M003,2024-10-07,99,76,Tablet,9.2
WA01395,V0083,M006,2025-01-29,41,33,Smart TV,2.8
WA01396,V0312,M015,2024-11-08,39,43,Web,8.6
WA01397,V0194,M009,2025-02-08,76,57,Mobile,7.4
WA01398,V0491,M003,2025-01-06,39,39,Web,6.7
WA01399,V0276,M010,2025-03-11,132,83,Mobile,8.9
WA01400,V0267,M009,2024-10-14,145,97,Tablet,4.9
WA01401,V0169,M004,2025-02-25,77,61,Web,8.5
WA01402,V0384,M006,2024-11-29,103,70,Mobile,7.7
WA01403,V0181,M008,2025-01-13,54,40,Mobile,9.4
WA01404,V0403,M011,2025-02-01,103,87,Tablet,4.2
WA01405,V0398,M014,2024-11-02,96,61,Tablet,7.6
WA01406,V0175,M011,2024-11-05,81,66,Smart TV,3.4
WA01407,V0295,M007,2025-01-16,73,48,Tablet,7.2
WA01408,V0008,M013,2024-11-20,99,88,Web,3.4
WA01409,V0065,M005,2025-02-19,63,42,Mobile,8.8
WA01410,V0068,M001,2025-03-26,43,39,Tablet,9.3
WA01411,V0365,M006,2024-11-02,84,60,Smart TV,3.4
WA01412,V0038,M015,2024-12-26,36,35,Smart TV,9.6
WA01413,V0149,M015,2025-01-13,124,85,Tablet,7.8
WA01414,V0078,M012,2024-11-16,62,40,Mobile,7.0
WA01415,V0165,M006,2025-03-22,115,78,Tablet,3.8
WA01416,V0119,M012,2025-02-28,52,42,Smart TV,6.2
WA01417,V0297,M001,2025-02-22,151,97,Tablet,4.6
WA01418,V0022,M007,2024-12-21,53,48,Web,5.7
WA01419,V0178,M005,2025-02-25,54,42,Smart TV,3.7
WA01420,V0115,M005,2024-12-10,130,86,Web,4.7
WA01421,V0342,M015,2024-12-06,60,59,Smart TV,3.6
WA01422,V0015,M004,2025-02-19,79,51,Mobile,9.7
WA01423,V0251,M009,2025-02-15,34,30,Mobile,5.3
WA01424,V0267,M005,2025-02-24,123,86,Web,8.7
WA01425,V0456,M005,2024-10-29,90,86,Tablet,6.2
WA01426,V0496,M002,2024-11-05,55,44,Smart TV,8.5
WA01427,V0081,M012,2024-11-26,70,71,Smart TV,4.6
WA01428,V0457,M011,2025-02-09,69,70,Mobile,5.8
WA01429,V0098,M015,2025-03-30,109,70,Mobile,9.6
WA01430,V0301,M011,2024-10-03,56,47,Tablet,9.0
WA01431,V0241,M004,2025-03-22,72,63,Web,6.1
WA01432,V0102,M003,2025-02-05,57,46,Mobile,9.6
WA01433,V0035,M014,2024-11-24,76,85,Tablet,6.7
WA01434,V0353,M004,2024-11-15,78,83,Smart TV,7.1
WA01435,V0248,M011,2025-02-27,88,74,Web,9.1
WA01436,V0251,M014,2024-11-29,116,92,Tablet,7.0
WA01437,V0113,M009,2025-02-01,53,42,Mobile,9.7
WA01438,V0167,M015,2024-12-13,124,87,Web,7.5
WA01439,V0339,M002,2024-11-15,104,70,Mobile,5.1
WA01440,V0431,M007,2025-03-30,96,91,Tablet,7.0
WA01441,V0138,M011,2024-11-30,62,67,Web,9.2
WA01442,V0134,M013,2025-01-13,68,71,Smart TV,5.6
WA01443,V0134,M013,2025-01-22,116,81,Mobile,4.5
WA01444,V0158,M012,2024-11-26,46,35,Tablet,5.6
WA01445,V0400,M010,2024-11-12,88,56,Mobile,9.6
WA01446,V0310,M010,2025-03-06,60,46,Mobile,9.6
WA01447,V0468,M001,2025-01-06,72,72,Smart TV,8.3
WA01448,V0108,M009,2024-10-17,92,96,Smart TV,6.5
WA01449,V0149,M003,2025-02-15,82,59,Web,9.3
WA01450,V0376,M006,2025-01-14,117,100,Web,9.6
WA01451,V0257,M001,2024-10-06,67,43,Tablet,8.4
WA01452,V0013,M001,2024-11-10,85,68,Web,7.2
WA01453,V0384,M012,2024-12-03,60,64,Mobile,8.6
WA01454,V0419,M007,2025-03-17,64,46,Smart TV,9.0
WA01455,V0011,M002,2024-10-19,127,83,Mobile,8.1
WA01456,V0377,M009,2025-03-04,45,42,Tablet,4.0
WA01457,V0263,M010,2024-12-19,110,84,Mobile,4.8
WA01458,V0497,M008,2024-11-21,64,63,Tablet,5.3
WA01459,V0288,M007,2024-10-24,96,82,Smart TV,6.1
WA01460,V0126,M015,2025-03-29,148,94,Tablet,2.6
WA01461,V0366,M008,2025-01-09,135,99,Mobile,5.9
WA01462,V0229,M010,2024-10-07,82,59,Smart TV,6.1
WA01463,V0074,M002,2025-03-14,92,72,Mobile,3.2
WA01464,V0043,M003,2024-11-23,92,61,Web,5.5
WA01465,V0031,M014,2025-01-30,92,59,Tablet,4.4
WA01466,V0165,M005,2024-12-26,37,34,Tablet,9.0
WA01467,V0280,M005,2025-03-26,106,92,Tablet,4.8
WA01468,V0363,M011,2024-11-30,116,89,Tablet,6.4
WA01469,V0359,M014,2024-10-21,86,84,Mobile,5.3
WA01470,V0384,M013,2024-10-04,105,96,Mobile,3.7
WA01471,V0254,M008,2024-10-30,78,84,Web,7.2
WA01472,V0215,M009,2025-02-02,107,100,Tablet,2.6
WA01473,V0268,M002,2025-01-20,81,64,Smart TV,7.1
WA01474,V0149,M006,2025-02-22,53,48,Web,8.5
WA01475,V0242,M012,2025-01-04,96,62,Tablet,4.1
WA01476,V0367,M006,2024-11-04,107,97,Tablet,2.6
WA01477,V0035,M007,2024-11-15,98,90,Mobile,4.8
WA01478,V0235,M004,2024-11-21,99,98,Smart TV,3.2
WA01479,V0180,M010,2025-01-28,41,38,Web,5.1
WA01480,V0421,M001,2024-11-19,82,66,Tablet,6.9
WA01481,V0288,M005,2025-01-03,87,62,Web,3.1
WA01482,V0092,M003,2024-10-27,76,65,Smart TV,6.7
WA01483,V0295,M003,2025-02-11,100,72,Smart TV,9.7
WA01484,V0087,M012,2025-03-07,84,56,Mobile,8.4
WA01485,V0085,M004,2024-10-24,51,48,Tablet,9.1
WA01486,V0262,M006,2024-10-20,45,47,Tablet,5.7
WA01487,V0390,M008,2024-12-23,120,94,Mobile,4.3
WA01488,V0182,M007,2025-01-05,125,90,Smart TV,8.8
WA01489,V0490,M006,2025-02-13,57,57,Web,9.6
WA01490,V0287,M014,2024-12-11,91,85,Tablet,6.2
WA01491,V0334,M013,2024-12-04,89,85,Smart TV,3.8
WA01492,V0373,M014,2025-01-02,110,74,Tablet,4.1
WA01493,V0092,M009,2024-11-18,106,77,Mobile,4.0
WA01494,V0301,M006,2025-02-12,34,30,Smart TV,5.0
WA01495,V0472,M015,2025-01-03,114,94,Mobile,7.1
WA01496,V0204,M001,2025-03-15,113,91,Mobile,10.0
WA01497,V0498,M012,2024-12-04,46,37,Mobile,9.0
WA01498,V0089,M015,2025-01-29,136,92,Tablet,8.1
WA01499,V0190,M011,2025-02-17,35,34,Mobile,7.1
WA01500,V0043,M012,2024-11-09,51,46,Tablet,8.8
WA01501,V0161,M002,2024-10-15,54,37,Mobile,8.9
WA01502,V0429,M005,2024-11-19,66,72,Smart TV,9.2
WA01503,V0008,M003,2025-02-28,130,96,Tablet,5.6
WA01504,V0099,M011,2025-03-21,36,38,Web,8.0
WA01505,V0142,M002,2024-11-14,51,35,Web,7.7
WA01506,V0141,M007,2024-11-14,62,69,Smart TV,3.4
WA01507,V0046,M008,2025-02-23,89,89,Mobile,9.4
WA01508,V0303,M003,2024-10-23,79,70,Mobile,8.3
WA01509,V0236,M013,2024-10-03,90,77,Mobile,9.1
WA01510,V0159,M004,2024-12-18,52,46,Mobile,5.3
WA01511,V0290,M005,2024-11-15,58,47,Smart TV,5.6
WA01512,V0091,M014,2024-11-18,68,55,Smart TV,4.4
WA01513,V0182,M008,2024-12-07,92,92,Smart TV,5.1
WA01514,V0019,M011,2025-02-11,74,51,Tablet,3.7
WA01515,V0331,M010,2024-11-23,107,74,Smart TV,4.1
WA01516,V0047,M012,2025-02-06,102,64,Web,4.4
WA01517,V0265,M008,2024-12-06,41,44,Web,6.1
WA01518,V0289,M008,2025-02-28,100,77,Tablet,7.4
WA01519,V0323,M015,2024-10-09,56,43,Smart TV,9.0
WA01520,V0172,M001,2024-11-10,128,90,Smart TV,7.4
WA01521,V0084,M002,2024-11-17,93,69,Tablet,6.6
WA01522,V0304,M013,2024-10-06,128,88,Tablet,8.0
WA01523,V0308,M008,2024-12-02,93,77,Smart TV,6.1
WA01524,V0391,M007,2024-12-16,56,59,Mobile,5.7
WA01525,V0084,M013,2024-12-08,46,33,Web,9.4
WA01526,V0488,M015,2025-03-02,86,55,Web,3.5
WA01527,V0406,M006,2024-10-14,69,69,Web,8.5
WA01528,V0001,M008,2025-01-10,97,88,Web,4.0
WA01529,V0095,M003,2024-12-17,51,40,Web,8.9
WA01530,V0351,M007,2024-10-24,59,49,Smart TV,2.5
WA01531,V0282,M003,2024-12-28,91,90,Tablet,7.7
WA01532,V0362,M015,2025-01-29,122,89,Web,8.2
WA01533,V0391,M002,2025-01-08,74,70,Web,5.5
WA01534,V0274,M006,2024-12-12,115,80,Mobile,5.1
WA01535,V0454,M011,2025-02-28,53,58,Web,8.3
WA01536,V0422,M006,2025-01-01,125,94,Mobile,7.1
WA01537,V0071,M013,2025-01-10,58,59,Tablet,3.9
WA01538,V0174,M004,2024-12-17,59,41,Tablet,7.4
WA01539,V0199,M007,2024-11-08,86,69,Tablet,2.8
WA01540,V0350,M007,2024-11-15,88,80,Mobile,6.0
WA01541,V0412,M002,2024-12-28,82,81,Mobile,3.7
WA01542,V0352,M003,2025-02-25,121,79,Tablet,2.6
WA01543,V0395,M011,2025-03-21,118,84,Mobile,4.8
WA01544,V0258,M005,2025-03-12,90,87,Smart TV,8.4
WA01545,V0058,M012,2024-12-25,120,76,Web,9.9
WA01546,V0004,M009,2025-01-07,49,49,Smart TV,9.6
WA01547,V0264,M012,2025-03-01,67,55,Tablet,5.8
WA01548,V0445,M008,2024-12-12,42,45,Tablet,6.0
WA01549,V0218,M001,2025-03-03,84,62,Smart TV,7.6
WA01550,V0092,M013,2024-10-07,101,64,Smart TV,5.2
WA01551,V0326,M001,2025-01-23,89,68,Mobile,7.0
WA01552,V0128,M006,2024-10-10,126,80,Web,3.1
WA01553,V0221,M002,2024-11-02,100,93,Smart TV,5.1
WA01554,V0292,M008,2025-03-26,117,97,Tablet,2.8
WA01555,V0312,M006,2025-01-04,45,48,Mobile,5.4
WA01556,V0217,M012,2024-10-21,90,68,Tablet,2.7
WA01557,V0495,M012,2024-12-05,85,85,Mobile,8.5
WA01558,V0277,M010,2024-12-06,121,95,Web,7.7
WA01559,V0390,M001,2025-01-04,85,57,Tablet,4.6
WA01560,V0344,M012,2024-11-17,117,94,Mobile,7.0
WA01561,V0003,M015,2024-11-16,80,64,Tablet,4.1
WA01562,V0137,M013,2025-01-15,68,65,Tablet,7.0
WA01563,V0116,M011,2024-12-21,59,58,Mobile,7.8
WA01564,V0302,M004,2024-10-17,110,88,Tablet,7.3
WA01565,V0477,M006,2025-02-16,125,90,Mobile,5.1
WA01566,V0237,M006,2024-12-28,71,49,Tablet,4.1
WA01567,V0207,M012,2024-11-13,86,62,Mobile,7.5
WA01568,V0043,M010,2024-10-21,112,74,Web,8.1
WA01569,V0385,M009,2025-01-03,85,67,Smart TV,5.9
WA01570,V0320,M008,2024-10-08,55,51,Smart TV,6.7
WA01571,V0121,M007,2024-10-06,115,92,Tablet,9.4
WA01572,V0203,M003,2025-01-05,44,42,Web,4.1
WA01573,V0443,M002,2025-02-24,66,52,Web,8.3
WA01574,V0181,M012,2025-01-11,131,82,Web,5.6
WA01575,V0323,M010,2024-12-11,98,76,Mobile,7.5
WA01576,V0275,M011,2025-03-12,122,94,Tablet,4.2
WA01577,V0423,M007,2025-02-04,98,66,Tablet,3.7
WA01578,V0002,M014,2024-11-15,93,66,Smart TV,8.2
WA01579,V0298,M011,2024-11-14,80,79,Tablet,9.8
WA01580,V0071,M007,2024-11-18,53,58,Mobile,7.0
WA01581,V0313,M012,2025-01-13,65,71,Web,3.7
WA01582,V0012,M011,2025-01-29,77,77,Tablet,6.6
WA01583,V0189,M014,2024-11-19,96,88,Web,3.8
WA01584,V0151,M015,2024-11-21,60,46,Mobile,9.2
WA01585,V0126,M004,2025-02-25,131,88,Tablet,9.9
WA01586,V0329,M013,2024-11-15,140,94,Mobile,8.5
WA01587,V0237,M014,2024-12-24,67,61,Mobile,2.6
WA01588,V0241,M001,2025-03-24,136,96,Tablet,3.0
WA01589,V0367,M007,2024-12-06,71,45,Mobile,5.8
WA01590,V0425,M014,2024-10-16,101,80,Mobile,5.2
WA01591,V0404,M012,2025-02-08,122,84,Mobile,3.3
WA01592,V0188,M014,2024-12-07,53,51,Tablet,7.4
WA01593,V0136,M003,2024-12-02,84,56,Mobile,5.0
WA01594,V0386,M012,2024-10-19,136,92,Web,8.2
WA01595,V0404,M006,2024-12-15,105,72,Tablet,7.7
WA01596,V0076,M010,2024-12-10,44,47,Smart TV,2.7
WA01597,V0158,M015,2025-01-03,91,67,Web,6.8
WA01598,V0080,M005,2025-01-30,97,67,Web,3.6
WA01599,V0015,M005,2025-01-07,71,59,Web,6.9
WA01600,V0187,M003,2025-02-27,57,63,Tablet,6.1
WA01601,V0301,M015,2024-11-13,65,49,Smart TV,6.4
WA01602,V0247,M007,2025-02-02,107,97,Web,6.1
WA01603,V0116,M007,2024-10-04,71,73,Smart TV,4.0
WA01604,V0183,M003,2024-12-11,57,55,Tablet,5.9
WA01605,V0460,M015,2025-03-13,88,97,Web,8.1
WA01606,V0321,M006,2025-03-20,76,81,Mobile,9.6
WA01607,V0493,M009,2024-10-18,124,100,Mobile,9.8
WA01608,V0126,M001,2025-01-23,95,61,Smart TV,8.5
WA01609,V0354,M003,2025-03-26,71,59,Tablet,3.8
WA01610,V0047,M010,2024-12-08,104,65,Web,8.0
WA01611,V0156,M015,2024-10-17,101,96,Mobile,4.1
WA01612,V0051,M004,2025-02-27,134,89,Mobile,4.9
WA01613,V0060,M011,2024-10-19,104,91,Tablet,3.1
WA01614,V0307,M004,2024-10-26,90,57,Tablet,4.7
WA01615,V0369,M001,2025-02-26,63,44,Tablet,8.3
WA01616,V0129,M004,2025-02-28,44,30,Tablet,7.0
WA01617,V0260,M008,2025-03-11,80,72,Tablet,6.4
WA01618,V0128,M011,2024-12-16,120,98,Smart TV,4.6
WA01619,V0058,M009,2025-02-06,110,86,Web,6.2
WA01620,V0084,M006,2025-02-08,139,93,Web,3.0
WA01621,V0474,M007,2025-03-22,53,42,Tablet,5.1
WA01622,V0399,M011,2025-02-15,61,54,Mobile,8.2
WA01623,V0164,M004,2024-12-18,106,69,Tablet,3.3
WA01624,V0166,M005,2025-03-06,56,49,Web,3.9
WA01625,V0167,M007,2024-11-13,55,50,Tablet,7.4
WA01626,V0478,M013,2025-01-15,73,59,Smart TV,6.0
WA01627,V0157,M014,2024-12-17,65,48,Smart TV,8.0
WA01628,V0218,M014,2024-12-20,101,69,Tablet,8.2
WA01629,V0182,M001,2025-01-12,79,82,Web,9.8
WA01630,V0107,M013,2024-12-10,50,55,Smart TV,4.7
WA01631,V0405,M006,2024-10-07,110,84,Tablet,4.9
WA01632,V0226,M009,2024-11-21,109,94,Smart TV,3.3
WA01633,V0483,M004,2024-11-11,119,91,Tablet,9.6
WA01634,V0128,M001,2025-03-18,127,92,Smart TV,9.9
WA01635,V0029,M010,2025-01-05,40,42,Smart TV,4.6
WA01636,V0242,M006,2025-01-21,55,44,Web,9.1
WA01637,V0448,M002,2024-12-23,69,49,Web,6.9
WA01638,V0126,M010,2024-11-21,86,86,Smart TV,6.8
WA01639,V0419,M013,2025-03-19,119,97,Smart TV,7.7
WA01640,V0464,M003,2024-10-18,98,76,Tablet,8.1
WA01641,V0117,M004,2024-11-17,116,89,Tablet,5.2
WA01642,V0310,M004,2025-03-23,76,62,Mobile,3.6
WA01643,V0413,M011,2025-01-14,115,80,Tablet,8.5
WA01644,V0192,M014,2025-02-13,92,95,Mobile,6.7
WA01645,V0252,M001,2025-02-07,128,98,Smart TV,6.8
WA01646,V0499,M011,2024-10-18,40,41,Mobile,6.5
WA01647,V0313,M013,2025-02-09,89,89,Web,8.1
WA01648,V0239,M013,2025-03-25,94,65,Tablet,9.2
WA01649,V0094,M012,2024-11-08,51,39,Smart TV,5.9
WA01650,V0206,M013,2025-03-27,46,32,Smart TV,2.5
WA01651,V0116,M014,2025-01-08,28,31,Smart TV,5.7
WA01652,V0235,M005,2024-11-27,128,98,Web,8.3
WA01653,V0396,M010,2024-12-30,58,54,Web,4.0
WA01654,V0309,M003,2024-10-26,91,98,Mobile,8.3
WA01655,V0446,M009,2024-12-29,69,71,Smart TV,9.5
WA01656,V0084,M011,2024-11-23,78,68,Tablet,9.9
WA01657,V0071,M004,2024-11-25,44,33,Tablet,3.4
WA01658,V0195,M007,2024-10-07,81,56,Mobile,5.9
WA01659,V0303,M007,2024-11-20,90,78,Mobile,3.2
WA01660,V0084,M003,2025-02-07,70,45,Web,3.4
WA01661,V0213,M008,2025-03-04,94,70,Web,4.1
WA01662,V0131,M002,2025-02-07,123,91,Mobile,9.6
WA01663,V0205,M001,2024-10-02,114,83,Mobile,5.2
WA01664,V0118,M005,2024-10-17,98,68,Mobile,7.4
WA01665,V0488,M013,2025-01-08,48,32,Smart TV,8.0
WA01666,V0434,M015,2024-12-22,45,48,Web,3.8
WA01667,V0072,M001,2024-11-02,76,49,Tablet,8.2
WA01668,V0191,M001,2025-03-02,77,67,Tablet,8.7
WA01669,V0495,M007,2024-11-14,107,96,Web,8.1
WA01670,V0451,M013,2025-03-21,85,76,Mobile,8.4
WA01671,V0207,M001,2025-02-05,80,69,Smart TV,9.3
WA01672,V0402,M005,2025-03-09,43,33,Mobile,5.0
WA01673,V0468,M015,2025-01-29,45,48,Tablet,2.8
WA01674,V0081,M007,2025-03-03,80,51,Mobile,2.6
WA01675,V0034,M015,2024-11-27,83,83,Mobile,9.8
WA01676,V0069,M008,2025-01-15,135,86,Mobile,4.8
WA01677,V0337,M008,2024-12-05,75,71,Smart TV,9.7
WA01678,V0384,M011,2024-10-25,140,93,Web,3.4
WA01679,V0338,M009,2024-11-03,62,58,Mobile,8.1
WA01680,V0128,M012,2025-01-12,54,43,Web,4.4
WA01681,V0364,M012,2025-03-18,92,72,Tablet,7.5
WA01682,V0168,M009,2025-02-10,57,46,Tablet,5.3
WA01683,V0324,M003,2025-02-26,74,79,Mobile,8.5
WA01684,V0428,M003,2024-10-04,36,34,Web,3.7
WA01685,V0440,M006,2024-10-03,137,91,Smart TV,3.9
WA01686,V0110,M014,2025-02-25,122,87,Tablet,7.2
WA01687,V0336,M009,2025-01-21,68,65,Smart TV,5.0
WA01688,V0414,M015,2024-11-17,89,73,Tablet,8.3
WA01689,V0391,M008,2025-03-19,74,73,Smart TV,3.0
WA01690,V0065,M006,2025-01-18,92,99,Mobile,4.2
WA01691,V0365,M008,2024-10-29,105,100,Smart TV,3.4
WA01692,V0284,M006,2024-12-18,124,85,Mobile,9.7
WA01693,V0100,M009,2024-11-16,133,95,Web,8.8
WA01694,V0270,M004,2024-10-05,86,75,Web,6.7
WA01695,V0186,M009,2025-02-12,94,98,Web,7.7
WA01696,V0052,M009,2024-11-12,68,50,Web,7.3
WA01697,V0277,M014,2025-03-08,57,49,Tablet,8.9
WA01698,V0200,M005,2024-10-13,94,67,Tablet,9.2
WA01699,V0001,M008,2024-12-22,72,68,Mobile,4.4
WA01700,V0473,M009,2025-03-21,72,56,Mobile,2.9
WA01701,V0422,M007,2024-11-05,98,91,Web,8.2
WA01702,V0331,M013,2024-12-02,70,50,Tablet,5.4
WA01703,V0116,M004,2024-12-03,52,39,Smart TV,3.6
WA01704,V0228,M007,2024-11-01,61,56,Web,7.5
WA01705,V0267,M013,2024-12-23,40,45,Smart TV,6.4
WA01706,V0339,M013,2025-03-10,88,59,Tablet,4.7
WA01707,V0037,M002,2025-02-16,72,49,Smart TV,9.1
WA01708,V0321,M001,2025-01-06,53,44,Tablet,5.7
WA01709,V0116,M003,2025-03-27,101,67,Mobile,3.2
WA01710,V0446,M012,2025-03-04,81,60,Tablet,8.8
WA01711,V0443,M007,2025-01-16,41,43,Smart TV,8.8
WA01712,V0169,M012,2024-12-10,115,95,Tablet,7.5
WA01713,V0052,M005,2024-12-31,31,31,Tablet,4.3
WA01714,V0054,M008,2024-11-26,92,64,Tablet,6.7
WA01715,V0446,M014,2025-02-22,132,96,Tablet,2.8
WA01716,V0061,M002,2025-03-01,42,42,Web,5.2
WA01717,V0368,M011,2025-03-04,114,80,Mobile,5.1
WA01718,V0020,M013,2025-01-21,142,96,Tablet,8.6
WA01719,V0291,M011,2025-01-19,53,57,Web,2.7
WA01720,V0411,M006,2024-10-26,104,82,Mobile,8.0
WA01721,V0181,M014,2024-12-04,99,74,Web,4.6
WA01722,V0358,M013,2024-10-13,115,88,Smart TV,8.3
WA01723,V0380,M003,2024-11-23,113,71,Tablet,8.1
WA01724,V0171,M013,2024-11-14,62,41,Smart TV,7.1
WA01725,V0052,M012,2024-11-28,89,69,Mobile,7.3
WA01726,V0388,M006,2025-03-09,81,53,Tablet,4.0
WA01727,V0413,M014,2025-02-02,97,73,Tablet,9.2
WA01728,V0009,M013,2024-11-10,78,71,Mobile,3.9
WA01729,V0092,M005,2025-02-07,124,98,Tablet,7.1
WA01730,V0365,M002,2024-11-20,41,41,Tablet,8.9
WA01731,V0204,M003,2024-12-27,118,75,Web,9.4
WA01732,V0116,M002,2024-12-15,71,71,Tablet,8.7
WA01733,V0014,M004,2025-02-18,70,65,Tablet,4.2
WA01734,V0226,M012,2024-11-26,70,58,Web,3.6
WA01735,V0430,M005,2024-12-02,83,91,Tablet,5.6
WA01736,V0096,M009,2025-02-23,93,82,Tablet,7.2
WA01737,V0412,M015,2025-01-08,93,76,Smart TV,5.7
WA01738,V0183,M006,2024-11-30,128,99,Mobile,9.7
WA01739,V0297,M003,2024-12-22,118,98,Web,3.2
WA01740,V0161,M015,2025-02-07,147,98,Mobile,8.6
WA01741,V0421,M010,2024-11-28,134,100,Web,6.0
WA01742,V0255,M010,2024-10-14,127,86,Tablet,3.0
WA01743,V0459,M003,2024-10-06,54,37,Smart TV,6.1
WA01744,V0034,M012,2024-11-07,73,75,Smart TV,6.8
WA01745,V0361,M015,2024-10-08,129,85,Web,9.9
WA01746,V0276,M004,2025-03-19,101,69,Smart TV,5.0
WA01747,V0393,M010,2025-02-08,68,48,Smart TV,9.0
WA01748,V0397,M010,2024-10-14,60,45,Mobile,7.1
WA01749,V0128,M009,2025-01-14,59,54,Web,8.8
WA01750,V0170,M001,2025-03-16,68,45,Mobile,3.2
WA01751,V0196,M007,2025-02-24,113,82,Tablet,3.5
WA01752,V0182,M006,2024-11-16,70,69,Web,7.8
WA01753,V0095,M015,2024-12-04,62,41,Smart TV,5.5
WA01754,V0232,M004,2024-12-29,73,73,Mobile,6.4
WA01755,V0350,M001,2025-03-05,35,37,Smart TV,3.2
WA01756,V0168,M001,2025-02-13,27,30,Tablet,4.8
WA01757,V0490,M013,2025-02-23,52,38,Web,3.9
WA01758,V0112,M010,2025-02-05,110,98,Smart TV,3.2
WA01759,V0457,M011,2024-11-09,71,52,Tablet,7.8
WA01760,V0417,M015,2024-11-15,75,49,Tablet,2.7
WA01761,V0479,M001,2025-02-15,72,69,Smart TV,3.3
WA01762,V0461,M011,2024-11-16,79,51,Mobile,6.2
WA01763,V0476,M010,2024-11-09,117,88,Tablet,8.4
WA01764,V0174,M002,2025-03-21,60,38,Web,5.2
WA01765,V0022,M004,2025-02-03,92,81,Smart TV,2.9
WA01766,V0047,M015,2025-01-31,97,96,Smart TV,9.3
WA01767,V0202,M010,2025-02-25,151,96,Web,4.6
WA01768,V0484,M003,2025-01-23,77,67,Tablet,5.5
WA01769,V0252,M007,2024-10-22,50,33,Mobile,4.9
WA01770,V0255,M008,2025-03-06,95,69,Smart TV,8.3
WA01771,V0097,M012,2024-10-15,54,35,Mobile,4.8
WA01772,V0329,M010,2025-02-24,82,52,Smart TV,8.0
WA01773,V0198,M009,2024-10-08,65,68,Web,5.1
WA01774,V0269,M009,2024-10-14,137,95,Web,6.3
WA01775,V0051,M011,2025-03-28,54,57,Tablet,9.6
WA01776,V0366,M015,2024-11-26,50,39,Web,6.2
WA01777,V0473,M010,2025-03-13,31,35,Tablet,4.0
WA01778,V0464,M012,2024-10-30,38,30,Web,7.4
WA01779,V0424,M015,2024-12-24,88,79,Web,5.3
WA01780,V0073,M014,2025-01-11,46,49,Web,7.2
WA01781,V0482,M005,2025-01-17,72,56,Smart TV,5.6
WA01782,V0143,M001,2025-01-15,110,78,Web,8.6
WA01783,V0022,M008,2024-12-04,72,80,Tablet,3.5
WA01784,V0060,M012,2024-11-27,43,44,Web,9.3
WA01785,V0168,M008,2024-10-18,110,98,Web,9.6
WA01786,V0275,M005,2025-03-24,92,66,Smart TV,4.6
WA01787,V0203,M010,2024-12-06,46,45,Web,9.6
WA01788,V0266,M009,2025-02-05,52,46,Mobile,6.0
WA01789,V0427,M002,2024-10-29,40,34,Tablet,3.9
WA01790,V0224,M013,2025-03-27,58,60,Smart TV,5.8
WA01791,V0393,M003,2025-01-22,89,94,Web,8.3
WA01792,V0486,M012,2024-12-21,29,31,Web,5.1
WA01793,V0103,M005,2024-11-14,119,89,Mobile,5.4
WA01794,V0116,M003,2024-12-14,58,38,Web,7.2
WA01795,V0447,M006,2025-03-18,48,33,Tablet,3.0
WA01796,V0286,M004,2025-03-04,103,66,Web,3.6
WA01797,V0210,M006,2024-10-15,39,38,Mobile,7.1
WA01798,V0074,M003,2024-12-22,46,34,Mobile,7.6
WA01799,V0417,M001,2025-01-06,33,37,Tablet,8.3
WA01800,V0038,M002,2024-11-27,93,99,Mobile,7.4
WA01801,V0352,M015,2025-01-30,91,66,Tablet,5.9
WA01802,V0177,M012,2024-11-30,94,62,Tablet,6.1
WA01803,V0451,M015,2024-11-09,145,98,Smart TV,4.2
WA01804,V0132,M005,2025-03-13,88,79,Web,5.3
WA01805,V0022,M001,2025-01-19,61,48,Tablet,5.6
WA01806,V0065,M015,2025-02-16,96,81,Smart TV,4.1
WA01807,V0376,M007,2025-01-16,125,88,Tablet,5.8
WA01808,V0167,M007,2025-01-27,99,73,Tablet,3.5
WA01809,V0365,M009,2024-11-22,68,57,Web,6.8
WA01810,V0281,M014,2025-03-18,121,89,Tablet,5.3
WA01811,V0241,M005,2024-11-24,67,48,Mobile,6.6
WA01812,V0103,M008,2024-12-16,51,36,Web,5.0
WA01813,V0222,M015,2024-11-10,133,96,Web,9.6
WA01814,V0291,M001,2025-03-27,91,79,Web,4.5
WA01815,V0295,M012,2025-03-24,88,81,Web,3.6
WA01816,V0391,M006,2025-01-28,55,46,Tablet,4.9
WA01817,V0347,M015,2025-03-06,53,34,Mobile,8.4
WA01818,V0170,M002,2024-10-06,32,36,Mobile,4.8
WA01819,V0491,M015,2024-12-31,56,49,Web,4.8
WA01820,V0244,M002,2025-01-01,113,87,Smart TV,7.8
WA01821,V0462,M005,2024-12-17,51,50,Web,3.7
WA01822,V0288,M002,2025-02-14,71,50,Tablet,7.7
WA01823,V0340,M005,2025-03-26,53,44,Web,9.3
WA01824,V0243,M002,2024-10-11,83,78,Tablet,6.1
WA01825,V0300,M013,2024-10-06,116,86,Web,5.9
WA01826,V0044,M001,2025-02-03,97,73,Smart TV,3.0
WA01827,V0470,M003,2025-03-09,102,80,Web,3.3
WA01828,V0150,M015,2025-03-21,81,71,Mobile,5.2
WA01829,V0087,M013,2025-02-04,76,83,Smart TV,8.9
WA01830,V0463,M004,2025-02-09,120,96,Mobile,6.2
WA01831,V0359,M015,2024-11-12,57,60,Smart TV,4.5
WA01832,V0384,M007,2024-12-26,60,64,Tablet,7.4
WA01833,V0447,M006,2025-02-19,43,46,Mobile,8.0
WA01834,V0464,M001,2024-12-17,75,55,Tablet,5.4
WA01835,V0172,M001,2025-03-27,96,78,Smart TV,8.5
WA01836,V0068,M014,2025-01-17,103,73,Smart TV,7.9
WA01837,V0137,M009,2024-11-19,100,66,Mobile,9.4
WA01838,V0442,M015,2025-03-21,70,70,Mobile,2.7
WA01839,V0091,M003,2024-10-28,47,39,Smart TV,3.0
WA01840,V0005,M010,2024-11-30,39,39,Mobile,8.0
WA01841,V0299,M006,2025-03-08,48,49,Tablet,7.2
WA01842,V0029,M006,2025-03-20,46,45,Web,4.0
WA01843,V0368,M012,2024-10-21,46,41,Mobile,2.5
WA01844,V0026,M013,2025-03-25,66,56,Mobile,5.4
WA01845,V0419,M011,2025-02-13,102,90,Web,7.8
WA01846,V0148,M008,2025-03-04,101,90,Mobile,5.8
WA01847,V0499,M009,2024-10-02,52,52,Web,4.5
WA01848,V0360,M015,2025-02-16,51,45,Mobile,3.9
WA01849,V0203,M014,2024-12-22,59,50,Smart TV,7.0
WA01850,V0219,M009,2025-03-13,71,57,Smart TV,8.7
WA01851,V0336,M012,2024-12-01,47,30,Smart TV,4.6
WA01852,V0253,M003,2024-10-17,36,38,Smart TV,9.3
WA01853,V0346,M001,2025-03-08,58,40,Tablet,2.6
WA01854,V0302,M012,2025-03-22,70,70,Smart TV,7.7
WA01855,V0373,M010,2025-03-23,61,63,Smart TV,5.9
WA01856,V0154,M012,2025-01-31,127,93,Tablet,4.9
WA01857,V0022,M012,2024-11-18,60,51,Smart TV,5.6
WA01858,V0238,M015,2025-01-27,106,81,Tablet,5.9
WA01859,V0448,M003,2025-01-07,47,33,Web,8.4
WA01860,V0188,M007,2025-03-11,88,81,Mobile,5.8
WA01861,V0304,M014,2025-03-19,54,49,Web,4.1
WA01862,V0139,M001,2025-01-09,73,49,Smart TV,4.0
WA01863,V0425,M008,2025-01-09,74,68,Smart TV,4.2
WA01864,V0223,M008,2025-03-05,130,85,Web,6.2
WA01865,V0035,M011,2024-10-16,58,43,Smart TV,7.8
WA01866,V0266,M010,2024-12-14,64,60,Tablet,8.5
WA01867,V0324,M007,2025-02-03,62,69,Web,5.0
WA01868,V0307,M005,2025-03-25,64,45,Web,6.5
WA01869,V0290,M006,2025-01-04,81,77,Tablet,3.0
WA01870,V0108,M008,2025-01-03,87,61,Smart TV,7.7
WA01871,V0285,M015,2024-12-20,97,65,Smart TV,6.8
WA01872,V0495,M006,2025-03-28,52,46,Smart TV,8.4
WA01873,V0251,M010,2024-11-28,73,61,Tablet,9.2
WA01874,V0385,M006,2025-02-08,80,79,Web,7.2
WA01875,V0309,M002,2025-02-13,135,89,Smart TV,3.0
WA01876,V0187,M007,2024-11-19,60,48,Mobile,6.1
WA01877,V0183,M004,2025-03-12,63,71,Tablet,6.7
WA01878,V0161,M013,2024-12-09,119,92,Web,8.7
WA01879,V0376,M011,2024-11-18,70,67,Mobile,8.0
WA01880,V0128,M004,2025-02-12,101,66,Tablet,5.7
WA01881,V0105,M014,2024-10-03,80,63,Web,4.7
WA01882,V0189,M001,2025-03-16,57,40,Tablet,8.3
WA01883,V0305,M003,2025-01-23,69,50,Tablet,8.2
WA01884,V0102,M002,2024-12-10,96,65,Tablet,4.6
WA01885,V0064,M010,2024-11-02,41,32,Mobile,9.0
WA01886,V0162,M009,2025-01-31,65,48,Tablet,6.6
WA01887,V0092,M011,2025-01-20,104,80,Smart TV,7.1
WA01888,V0290,M013,2024-10-09,89,71,Mobile,9.1
WA01889,V0475,M001,2024-11-03,58,38,Mobile,3.5
WA01890,V0048,M002,2025-02-11,66,60,Smart TV,9.8
WA01891,V0385,M006,2024-10-21,103,73,Mobile,6.2
WA01892,V0329,M009,2024-10-16,130,83,Tablet,7.7
WA01893,V0082,M009,2024-10-23,100,87,Mobile,8.2
WA01894,V0029,M014,2024-12-06,71,60,Mobile,2.9
WA01895,V0022,M014,2025-03-28,107,91,Mobile,4.1
WA01896,V0164,M004,2024-11-09,100,94,Smart TV,5.4
WA01897,V0262,M011,2025-03-21,44,32,Smart TV,6.2
WA01898,V0035,M011,2025-03-28,143,100,Mobile,4.0
WA01899,V0004,M001,2024-11-23,109,92,Smart TV,7.8
WA01900,V0204,M010,2025-01-03,79,51,Web,3.6
WA01901,V0285,M001,2025-03-10,80,64,Smart TV,6.3
WA01902,V0101,M003,2024-11-21,87,72,Smart TV,9.2
WA01903,V0015,M007,2024-10-31,109,87,Tablet,7.0
WA01904,V0105,M011,2025-03-21,125,81,Web,3.3
WA01905,V0389,M007,2024-10-28,63,55,Smart TV,8.7
WA01906,V0238,M011,2024-11-24,97,76,Mobile,7.4
WA01907,V0262,M004,2025-02-23,69,57,Mobile,4.8
WA01908,V0256,M004,2024-11-16,73,56,Tablet,7.9
WA01909,V0246,M008,2025-01-09,102,92,Smart TV,8.5
WA01910,V0453,M011,2024-12-03,42,43,Mobile,8.9
WA01911,V0477,M010,2024-10-13,59,65,Mobile,4.8
WA01912,V0028,M007,2025-02-23,46,42,Smart TV,4.1
WA01913,V0144,M004,2025-01-17,53,39,Tablet,7.4
WA01914,V0073,M005,2024-10-09,71,68,Smart TV,5.9
WA01915,V0451,M015,2024-11-22,34,33,Tablet,3.8
WA01916,V0446,M002,2024-10-23,105,88,Smart TV,4.5
WA01917,V0375,M012,2025-02-22,57,38,Web,4.1
WA01918,V0020,M007,2025-03-23,45,33,Tablet,5.7
WA01919,V0296,M008,2025-01-14,34,31,Mobile,7.4
WA01920,V0104,M013,2024-12-11,114,91,Smart TV,2.7
WA01921,V0415,M005,2024-11-18,104,87,Mobile,10.0
WA01922,V0406,M001,2025-02-22,133,92,Web,7.9
WA01923,V0046,M012,2024-10-13,95,76,Smart TV,5.9
WA01924,V0338,M008,2025-02-17,84,77,Smart TV,7.9
WA01925,V0209,M009,2024-11-07,96,74,Web,6.9
WA01926,V0076,M006,2025-01-28,89,67,Tablet,7.6
WA01927,V0309,M007,2025-01-01,59,41,Smart TV,9.1
WA01928,V0386,M006,2024-12-31,129,87,Web,9.2
WA01929,V0277,M006,2025-02-07,78,73,Web,8.9
WA01930,V0042,M010,2024-11-05,92,80,Tablet,9.1
WA01931,V0054,M009,2025-02-17,91,96,Mobile,4.4
WA01932,V0351,M009,2025-03-20,65,59,Smart TV,6.2
WA01933,V0268,M006,2025-01-04,128,80,Tablet,4.1
WA01934,V0328,M006,2025-01-13,59,58,Tablet,3.7
WA01935,V0410,M012,2024-11-18,84,94,Mobile,6.2
WA01936,V0387,M015,2024-10-19,77,60,Tablet,4.8
WA01937,V0013,M004,2025-02-16,55,54,Mobile,2.7
WA01938,V0035,M002,2024-11-23,44,39,Smart TV,5.9
WA01939,V0006,M002,2025-01-17,109,81,Smart TV,5.1
WA01940,V0318,M006,2024-11-23,107,84,Tablet,7.3
WA01941,V0256,M010,2024-10-11,51,34,Smart TV,5.1
WA01942,V0386,M005,2025-03-29,118,79,Mobile,5.7
WA01943,V0014,M010,2025-03-08,123,92,Tablet,2.8
WA01944,V0279,M008,2024-10-23,93,62,Mobile,3.1
WA01945,V0195,M012,2025-03-11,89,88,Smart TV,4.3
WA01946,V0283,M008,2024-10-09,90,69,Tablet,4.1
WA01947,V0304,M007,2024-10-25,41,46,Mobile,9.5
WA01948,V0238,M008,2024-10-18,81,53,Smart TV,7.7
WA01949,V0300,M007,2025-02-15,59,62,Mobile,7.7
WA01950,V0438,M008,2024-11-14,98,67,Web,2.8
WA01951,V0352,M010,2024-12-24,63,44,Web,9.8
WA01952,V0128,M002,2024-11-20,138,92,Mobile,5.4
WA01953,V0023,M012,2025-03-17,87,78,Smart TV,3.9
WA01954,V0366,M006,2025-03-24,90,59,Tablet,8.6
WA01955,V0072,M015,2024-10-30,52,51,Web,8.1
WA01956,V0255,M010,2025-02-22,79,86,Smart TV,8.5
WA01957,V0326,M007,2024-10-06,120,77,Mobile,5.6
WA01958,V0035,M001,2024-12-11,121,84,Mobile,3.2
WA01959,V0206,M015,2025-03-20,121,90,Web,9.3
WA01960,V0083,M015,2024-11-05,34,33,Mobile,6.8
WA01961,V0192,M011,2024-11-20,145,99,Smart TV,6.1
WA01962,V0060,M013,2025-03-18,92,82,Mobile,4.2
WA01963,V0006,M003,2024-12-16,85,80,Smart TV,2.9
WA01964,V0341,M013,2024-10-04,100,97,Smart TV,6.9
WA01965,V0472,M001,2024-12-17,74,70,Web,9.0
WA01966,V0245,M013,2024-11-24,102,90,Tablet,4.1
WA01967,V0440,M003,2025-01-08,158,99,Mobile,3.6
WA01968,V0245,M003,2025-02-08,41,38,Mobile,6.7
WA01969,V0481,M004,2025-03-10,107,76,Web,8.7
WA01970,V0446,M007,2024-10-16,50,35,Smart TV,8.4
WA01971,V0231,M001,2024-11-19,109,80,Web,8.1
WA01972,V0331,M003,2025-01-31,127,82,Web,4.3
WA01973,V0222,M009,2024-12-13,59,39,Mobile,5.6
WA01974,V0190,M009,2024-10-22,37,35,Smart TV,5.4
WA01975,V0429,M008,2025-03-16,90,68,Smart TV,9.4
WA01976,V0198,M014,2025-01-29,142,92,Web,6.0
WA01977,V0273,M002,2025-03-27,110,73,Mobile,4.4
WA01978,V0117,M005,2024-12-09,119,95,Smart TV,9.5
WA01979,V0498,M006,2024-12-01,84,74,Smart TV,3.9
WA01980,V0136,M006,2025-02-10,92,65,Tablet,7.5
WA01981,V0098,M004,2025-03-06,71,67,Smart TV,7.8
WA01982,V0298,M009,2024-12-22,103,89,Web,3.4
WA01983,V0307,M012,2024-12-14,67,56,Smart TV,3.9
WA01984,V0201,M011,2025-02-05,83,61,Tablet,7.9
WA01985,V0175,M015,2025-02-23,145,98,Web,4.4
WA01986,V0417,M002,2024-12-04,81,78,Tablet,2.5
WA01987,V0479,M004,2024-12-05,134,88,Smart TV,6.3
WA01988,V0219,M007,2024-11-20,44,36,Tablet,7.0
WA01989,V0062,M008,2025-01-20,97,70,Web,3.9
WA01990,V0143,M006,2024-10-14,36,38,Mobile,6.6
WA01991,V0105,M005,2024-11-02,85,84,Mobile,9.2
WA01992,V0173,M010,2024-10-16,40,44,Smart TV,4.6
WA01993,V0476,M004,2024-11-29,75,64,Smart TV,8.8
WA01994,V0391,M003,2024-10-06,112,70,Web,3.8
WA01995,V0316,M014,2025-01-07,114,99,Mobile,9.7
WA01996,V0064,M002,2025-02-24,114,92,Mobile,4.3
WA01997,V0313,M007,2024-11-26,105,88,Web,9.2
WA01998,V0002,M015,2024-11-26,53,43,Web,7.5
WA01999,V0110,M007,2025-02-26,120,87,Web,3.3
WA02000,V0077,M002,2025-01-13,125,86,Tablet,8.9
